"","display_title","opening_date","publication_date","url","mpaa_rating","critics_pick","omdb.Awards","omdb.BoxOffice","omdb.Metascore","omdb.imdbRating"
"1","1 Night","2017-02-10","2017-02-09","http://www.nytimes.com/2017/02/09/movies/1-night-review-isabelle-fuhrman.html","",0,"N/A","N/A","N/A","5.8"
"2","100 Streets","2017-01-13","2017-01-12","http://www.nytimes.com/2017/01/12/movies/100-streets-review-idris-elba.html","",0,"N/A","N/A","44","5.7"
"3","11/8/16","2017-11-01","2017-11-02","http://www.nytimes.com/2017/11/02/movies/11-8-16-review.html","",0,"3 nominations.","N/A","62","5.6"
"4","11:55","2017-06-09","2017-06-08","http://www.nytimes.com/2017/06/08/movies/1155-review.html","",0,"2 wins & 2 nominations.","N/A","N/A","4.9"
"5","13 Minutes","2017-06-30","2017-06-29","http://www.nytimes.com/2017/06/29/movies/13-minutes-review.html","R",0,"4 wins & 16 nominations.","$160,450","58","7.0"
"6","1945","2017-11-01","2017-10-31","http://www.nytimes.com/2017/10/31/movies/1945-review-ferenc-torok.html","",0,"1 win & 4 nominations.","$258,392","75","7.3"
"7","20th Century Women","2017-01-20","2016-12-27","http://www.nytimes.com/2016/12/27/movies/review-20th-century-women.html","R",1,"Nominated for 1 Oscar. Another 12 wins & 67 nominations.","$5,663,854","83","7.4"
"8","32 Pills: My Sister's Suicide","2017-11-29","2017-11-30","http://www.nytimes.com/2017/11/30/movies/32-pills-review.html","",0,"1 win & 1 nomination.","N/A","71","6.5"
"9","4 Days in France","2017-08-01","2017-08-03","http://www.nytimes.com/2017/08/03/movies/four-days-in-france-review.html","",0,"2 nominations.","N/A","73","6.0"
"10","6 Days","2017-08-18","2017-08-17","http://www.nytimes.com/2017/08/17/movies/6-days-review-jamie-bell.html","R",0,"N/A","N/A","36","6.2"
"11","68 Kill","2017-08-04","2017-08-03","http://www.nytimes.com/2017/08/03/movies/68-kill-review.html","",0,"3 wins & 1 nomination.","N/A","56","6.0"
"12","A Bad Moms Christmas","2017-11-01","2017-11-02","http://www.nytimes.com/2017/11/02/movies/a-bad-moms-christmas.html","R",0,"1 win & 1 nomination.","$72,080,547","42","5.5"
"13","A Cure for Wellness","2017-02-17","2017-02-16","http://www.nytimes.com/2017/02/16/movies/a-cure-for-wellness-review.html","R",0,"4 wins & 5 nominations.","$8,103,139","47","6.4"
"14","A Dark Song","2017-04-28","2017-04-27","http://www.nytimes.com/2017/04/27/movies/a-dark-song-review.html","",1,"6 wins & 3 nominations.","N/A","71","6.1"
"15","A German Life","2017-12-22","2017-12-21","http://www.nytimes.com/2017/12/21/movies/a-german-life-review-goebbels-secretary.html","",0,"N/A","N/A","N/A","7.2"
"16","A Ghost Story","2017-07-07","2017-07-05","http://www.nytimes.com/2017/07/05/movies/review-a-ghost-story.html","R",1,"11 wins & 17 nominations.","$1,594,798","84","6.8"
"17","A Good American","2017-02-03","2017-02-02","http://www.nytimes.com/2017/02/02/movies/a-good-american-review.html","",0,"1 win & 7 nominations.","N/A","63","7.5"
"18","A Gray State","2017-11-03","2017-11-02","http://www.nytimes.com/2017/11/02/movies/review-a-gray-state-behind-a-filmmakers-madness.html","",0,"1 nomination.","N/A","74","6.2"
"19","A Monster Calls","2017-01-06","2016-12-22","http://www.nytimes.com/2016/12/22/movies/a-monster-calls-review.html","PG-13",0,"38 wins & 51 nominations.","$3,730,982","76","7.5"
"20","A Taxi Driver","2017-08-11","2017-08-10","http://www.nytimes.com/2017/08/10/movies/a-taxi-driver-review.html","",0,"16 wins & 21 nominations.","$1,527,818","69","7.8"
"21","A United Kingdom","2017-02-10","2017-02-09","http://www.nytimes.com/2017/02/09/movies/review-a-united-kingdom-with-love-that-tested-racial-tolerance.html","PG-13",1,"1 win & 4 nominations.","$3,901,302","65","6.8"
"22","A Woman, a Part","2017-03-22","2017-03-21","http://www.nytimes.com/2017/03/21/movies/a-woman-a-part-review.html","",0,"2 nominations.","N/A","66","5.4"
"23","Actor Martinez","2017-03-10","2017-03-16","http://www.nytimes.com/2017/03/16/movies/actor-martinez-review.html","",0,"N/A","N/A","N/A","5.6"
"24","After Auschwitz","2017-03-25","2018-04-19","http://www.nytimes.com/2018/04/19/movies/after-auschwitz-review.html","",0,"N/A","N/A","74","6.8"
"25","After Love","2017-08-09","2017-08-08","http://www.nytimes.com/2017/08/08/movies/after-love-review.html","",0,"3 wins & 2 nominations.","$13,621","66","6.5"
"26","After the Storm","2017-03-17","2017-03-15","http://www.nytimes.com/2017/03/15/movies/after-the-storm-review.html","",1,"1 win & 11 nominations.","$270,210","84","7.4"
"27","Afterimage","2017-05-19","2017-05-17","http://www.nytimes.com/2017/05/17/movies/afterimage-review.html","",1,"1 win & 12 nominations.","N/A","75","7.1"
"28","Aida's Secrets","2017-10-20","2017-10-19","http://www.nytimes.com/2017/10/19/movies/aidas-secrets-review.html","",1,"1 win & 2 nominations.","$96,104","80","7.2"
"29","AL DI QUA (Life/Here)","2017-11-24","2017-11-23","http://www.nytimes.com/2017/11/23/movies/review-al-di-qua-homelessness-through-an-artsy-filter.html","",0,"N/A","N/A","N/A","N/A"
"30","Alien: Covenant","2017-05-19","2017-05-17","http://www.nytimes.com/2017/05/17/movies/alien-covenant-review-ridley-scott.html","R",0,"1 win & 12 nominations.","$74,255,908","65","6.4"
"31","Alina","2017-09-15","2017-09-14","http://www.nytimes.com/2017/09/14/movies/alina-review.html","",0,"N/A","N/A","N/A","6.5"
"32","All Eyez on Me","2017-06-16","2017-06-15","http://www.nytimes.com/2017/06/15/movies/all-eyez-on-me-review.html","R",0,"1 nomination.","$44,892,121","38","5.8"
"33","All I See Is You","2017-10-27","2017-10-26","http://www.nytimes.com/2017/10/26/movies/all-i-see-is-you-review-blake-lively.html","R",0,"1 nomination.","N/A","43","5.3"
"34","All the Money in the World","2017-12-25","2017-12-24","http://www.nytimes.com/2017/12/24/movies/all-the-money-in-the-world-review-christopher-plummer.html","R",1,"Nominated for 1 Oscar. Another 10 nominations.","&pound;20,153,135","72","6.9"
"35","All the Rage (Saved by Sarno)","2017-06-23","2017-06-22","http://www.nytimes.com/2017/06/22/movies/all-the-rage-review.html","",0,"N/A","N/A","47","9.4"
"36","All These Sleepless Nights","2017-04-07","2017-04-13","http://www.nytimes.com/2017/04/13/movies/all-these-sleepless-nights-review.html","R",0,"4 wins & 10 nominations.","N/A","70","6.7"
"37","All This Panic","2017-03-31","2017-03-30","http://www.nytimes.com/2017/03/30/movies/all-this-panic-review.html","",0,"4 nominations.","N/A","73","6.9"
"38","Along for the Ride","2017-11-03","2017-11-02","http://www.nytimes.com/2017/11/02/movies/along-for-the-ride-review-dennis-hopper.html","",0,"1 nomination.","N/A","61","7.3"
"39","American Assassin","2017-09-15","2017-09-14","http://www.nytimes.com/2017/09/14/movies/american-assassin-review-michael-keaton.html","R",0,"1 nomination.","$34,449,582","45","6.2"
"40","American Fable","2017-02-17","2017-02-16","http://www.nytimes.com/2017/02/16/movies/american-fable-review.html","",0,"3 wins & 2 nominations.","N/A","55","6.3"
"41","American Made","2017-09-29","2017-09-28","http://www.nytimes.com/2017/09/28/movies/american-made-review-tom-cruise.html","R",0,"3 nominations.","$51,071,805","65","7.2"
"42","An Inconvenient Sequel: Truth to Power","2017-08-04","2017-07-27","http://www.nytimes.com/2017/07/27/movies/an-inconvenient-sequel-review-al-gore.html","PG",1,"Nominated for 1 BAFTA Film Award. Another 3 wins & 12 nominations.","&pound;3,456,144","68","6.3"
"43","Angkor Awakens: A Portrait of Cambodia","2017-05-05","2017-05-03","http://www.nytimes.com/2017/05/03/movies/angkor-awakens-review.html","",1,"N/A","N/A","81","8.2"
"44","Annabelle: Creation","2017-08-11","2017-08-10","http://www.nytimes.com/2017/08/10/movies/annabelle-creation-review.html","R",0,"3 nominations.","$101,788,793","62","6.5"
"45","Another Evil","2017-05-05","2017-05-04","http://www.nytimes.com/2017/05/04/movies/another-evil-review.html","",0,"N/A","N/A","53","5.5"
"46","Apprentice","2017-03-03","2017-03-02","http://www.nytimes.com/2017/03/02/movies/apprentice-review.html","",1,"6 wins & 5 nominations.","$2,578","77","6.5"
"47","Armed Response","2017-08-04","2017-08-03","http://www.nytimes.com/2017/08/03/movies/armed-response-review.html","R",0,"N/A","N/A","13","3.8"
"48","Arsenal","2017-01-06","2017-01-05","http://www.nytimes.com/2017/01/05/movies/arsenal-review-nicolas-cage.html","R",0,"N/A","N/A","25","4.0"
"49","As You Are","2017-02-24","2017-02-23","http://www.nytimes.com/2017/02/23/movies/as-you-are-review.html","",0,"2 wins & 5 nominations.","N/A","67","6.5"
"50","Ascent","2017-06-07","2017-06-06","http://www.nytimes.com/2017/06/06/movies/ascent-review.html","",0,"1 nomination.","N/A","75","7.3"
"51","Atomic Blonde","2017-07-28","2017-07-27","http://www.nytimes.com/2017/07/27/movies/atomic-blonde-review-charlize-theron.html","R",0,"6 wins & 15 nominations.","$51,536,935","63","6.7"
"52","Atomica","2017-03-17","2017-03-16","http://www.nytimes.com/2017/03/16/movies/review-atomica-syfy-tom-sizemore-dominic-monaghan.html","",0,"N/A","N/A","33","4.1"
"53","Austin Found","2017-07-07","2017-07-05","http://www.nytimes.com/2017/07/05/movies/review-in-austin-found-child-abduction-is-played-for-laughs.html","",0,"N/A","N/A","46","5.2"
"54","Baby Driver","2017-06-28","2017-06-27","http://www.nytimes.com/2017/06/27/movies/baby-driver-review-edgar-wright-ansel-elgort.html","R",1,"Nominated for 3 Oscars. Another 31 wins & 44 nominations.","$107,770,367","86","7.6"
"55","Bad Kids of Crestview Academy","2017-01-13","2017-01-12","http://www.nytimes.com/2017/01/12/movies/bad-kids-of-crestview-academy-review.html","R",0,"N/A","N/A","22","6.4"
"56","Band Aid","2017-06-09","2017-06-01","http://www.nytimes.com/2017/06/01/movies/band-aid-review.html","",0,"1 win & 2 nominations.","&pound;245,140","67","6.6"
"57","Battle of the Sexes","2017-09-22","2017-09-21","http://www.nytimes.com/2017/09/21/movies/review-battle-of-the-sexes-billie-jean-king-bobby-riggs.html","PG-13",0,"Nominated for 2 Golden Globes. Another 3 wins & 16 nominations.","$12,552,907","73","6.7"
"58","Baywatch","2017-05-25","2017-05-24","http://www.nytimes.com/2017/05/24/movies/baywatch-review-zac-efron-dwayne-johnson.html","R",0,"3 wins & 10 nominations.","$58,009,442","37","5.6"
"59","Beach Rats","2017-08-25","2017-08-24","http://www.nytimes.com/2017/08/24/movies/beach-rats-review.html","R",1,"7 wins & 14 nominations.","$457,847","78","6.4"
"60","Beatriz at Dinner","2017-06-09","2017-06-08","http://www.nytimes.com/2017/06/08/movies/beatriz-at-dinner-review-salma-hayek.html","R",0,"2 wins & 8 nominations.","$7,115,001","68","6.1"
"61","Beauty and the Beast","2017-03-17","2017-03-03","http://www.nytimes.com/2017/03/03/movies/beauty-and-the-beast-review.html","PG",1,"Won 2 Oscars. Another 24 wins & 25 nominations.","$47,611,331","95","8.0"
"62","Before I Fall","2017-03-03","2017-03-01","http://www.nytimes.com/2017/03/01/movies/before-i-fall-review-zoey-deutch.html","PG-13",0,"2 wins & 2 nominations.","$12,230,741","58","6.4"
"63","Ben-Gurion, Epilogue","2017-03-03","2017-03-02","http://www.nytimes.com/2017/03/02/movies/the-settlers-and-ben-gurion-epilogue-reviews.html","",0,"2 nominations.","N/A","74","7.6"
"64","Bending the Arc","2017-10-06","2017-10-05","http://www.nytimes.com/2017/10/05/movies/bending-the-arc-review-paul-farmer-partners-in-health.html","",0,"1 win & 1 nomination.","N/A","80","8.0"
"65","Berlin Syndrome","2017-05-26","2017-05-25","http://www.nytimes.com/2017/05/25/movies/berlin-syndrome-review.html","R",0,"13 nominations.","$23,300","70","6.3"
"66","Betting on Zero","2017-03-17","2017-03-16","http://www.nytimes.com/2017/03/16/movies/betting-on-zero-review.html","",0,"1 win & 3 nominations.","N/A","72","7.2"
"67","Beyond Skyline","2017-12-15","2017-12-14","http://www.nytimes.com/2017/12/14/movies/beyond-skyline-review.html","R",0,"N/A","N/A","46","5.3"
"68","Bill Frisell: A Portrait","2017-12-06","2017-12-05","http://www.nytimes.com/2017/12/05/movies/bill-frisell-a-portrait-review.html","",1,"N/A","N/A","71","7.2"
"69","Birdboy: The Forgotten Children","2017-12-15","2017-12-14","http://www.nytimes.com/2017/12/14/movies/birdboy-the-forgotten-children-review.html","",0,"7 wins & 5 nominations.","N/A","76","7.5"
"70","Birth of the Dragon","2017-08-25","2017-08-25","http://www.nytimes.com/2017/08/25/movies/birth-of-the-dragon-review-bruce-lee.html","PG-13",0,"1 win.","$6,895,695","35","5.4"
"71","Birthright: A War Story","2017-07-14","2017-07-13","http://www.nytimes.com/2017/07/13/movies/birthright-a-war-story.html","",0,"N/A","$7,257","70","6.9"
"72","Bitch","2017-11-10","2017-11-09","http://www.nytimes.com/2017/11/09/movies/bitch-review.html","",1,"1 win & 1 nomination.","N/A","55","5.0"
"73","Bitter Harvest","2017-02-24","2017-02-23","http://www.nytimes.com/2017/02/23/movies/bitter-harvest-review.html","R",0,"3 nominations.","$557,004","34","6.1"
"74","Blade of the Immortal","2017-11-03","2017-11-02","http://www.nytimes.com/2017/11/02/movies/blade-of-the-immortal-review-takashi-miike.html","R",0,"10 nominations.","N/A","72","6.8"
"75","Blade Runner 2049","2017-10-06","2017-10-02","http://www.nytimes.com/2017/10/02/movies/blade-runner-2049-review-ryan-gosling-harrison-ford.html","R",0,"Won 2 Oscars. Another 81 wins & 131 nominations.","$91,800,042","81","8.1"
"76","Blind","2017-07-14","2017-07-13","http://www.nytimes.com/2017/07/13/movies/blind-review-alec-baldwin-demi-moore.html","R",0,"17 wins & 11 nominations.","N/A","83","6.9"
"77","Blood Stripe","2017-09-29","2017-09-28","http://www.nytimes.com/2017/09/28/movies/blood-stripe-review.html","",0,"5 wins.","N/A","70","8.2"
"78","Born in China","2017-04-21","2017-04-19","http://www.nytimes.com/2017/04/19/movies/born-in-china-review.html","G",0,"N/A","$13,861,159","57","7.2"
"79","Brad's Status","2017-09-15","2017-09-14","http://www.nytimes.com/2017/09/14/movies/brads-status-review-ben-stiller.html","R",0,"1 win & 2 nominations.","$2,029,594","71","6.5"
"80","Brave New Jersey","2017-08-04","2017-08-03","http://www.nytimes.com/2017/08/03/movies/brave-new-jersey-review.html","",0,"4 wins.","$14,105","45","5.3"
"81","Brawl in Cell Block 99","2017-10-06","2017-10-05","http://www.nytimes.com/2017/10/05/movies/brawl-in-cell-block-99-review-vince-vaughn.html","Not Rated",1,"4 nominations.","N/A","79","7.1"
"82","Breaking Point: The War for Democracy in Ukraine","2017-02-14","2018-03-01","http://www.nytimes.com/2018/03/01/movies/breaking-point-review-ukraine.html","",0,"1 nomination.","N/A","83","8.4"
"83","Breathe","2017-10-13","2017-10-12","http://www.nytimes.com/2017/10/12/movies/breathe-review-andrew-garfield-claire-foy-andy-serkis.html","PG-13",0,"1 win & 3 nominations.","$475,685","51","7.1"
"84","Bright","2017-12-22","2017-12-21","http://www.nytimes.com/2017/12/21/movies/bright-review-will-smith-joel-edgerton.html","",0,"1 win & 3 nominations.","N/A","29","6.4"
"85","Bronx Gothic","2017-07-12","2017-07-11","http://www.nytimes.com/2017/07/11/movies/bronx-gothic-review-okwui-okpokwasili.html","",0,"N/A","N/A","66","6.7"
"86","Buena Vista Social Club: Adios","2017-05-26","2017-05-24","http://www.nytimes.com/2017/05/24/movies/buena-vista-social-club-adios-review.html","PG",1,"N/A","&pound;118,253","67","6.6"
"87","Bugs","2017-09-27","2017-09-26","http://www.nytimes.com/2017/09/26/movies/bugs-review.html","",1,"N/A","N/A","N/A","3.8"
"88","Burden","2017-05-05","2017-05-04","http://www.nytimes.com/2017/05/04/movies/burden-review-chris-burden.html","",0,"1 win & 1 nomination.","$18,001","63","6.4"
"89","Bushwick","2017-08-25","2017-08-24","http://www.nytimes.com/2017/08/24/movies/bushwick-review-brittany-snow-dave-bautista.html","",0,"2 nominations.","N/A","44","5.2"
"90","Buster's Mal Heart","2017-04-28","2017-04-27","http://www.nytimes.com/2017/04/27/movies/busters-mal-heart-review-rami-malek.html","",0,"3 nominations.","$72,622","63","6.0"
"91","California Typewriter","2017-08-18","2017-08-17","http://www.nytimes.com/2017/08/17/movies/california-typewriter-review.html","",0,"3 wins & 5 nominations.","N/A","80","7.2"
"92","Call Me by Your Name","2017-11-24","2017-11-22","http://www.nytimes.com/2017/11/22/movies/call-me-by-your-name-review-armie-hammer.html","R",1,"Won 1 Oscar. Another 82 wins & 196 nominations.","N/A","93","8.0"
"93","Camera Obscura","2017-06-09","2017-06-08","http://www.nytimes.com/2017/06/08/movies/camera-obscura-review.html","",0,"N/A","N/A","35","4.7"
"94","Can't Stop, Won't Stop: A Bad Boy Story","2017-06-23","2017-06-22","http://www.nytimes.com/2017/06/22/movies/cant-stop-wont-stop-review-sean-combs-bad-boy.html","",0,"1 win.","N/A","N/A","4.5"
"95","Canners","2017-03-01","2017-03-09","http://www.nytimes.com/2017/03/09/movies/canners-review.html","",0,"N/A","N/A","72","N/A"
"96","Captain Underpants: The First Epic Movie","2017-06-02","2017-06-01","http://www.nytimes.com/2017/06/01/movies/captain-underpants-review.html","PG",0,"1 win & 10 nominations.","$73,895,861","69","6.2"
"97","Cars 3","2017-06-16","2017-06-14","http://www.nytimes.com/2017/06/14/movies/cars-3-review.html","G",1,"20 nominations.","$152,603,003","59","6.8"
"98","Casting JonBenet","2017-04-28","2017-04-27","http://www.nytimes.com/2017/04/27/movies/casting-jonbenet-review-jonbenet-ramsey.html","",0,"2 wins & 7 nominations.","N/A","74","6.1"
"99","Chasing Coral","2017-07-14","2017-07-13","http://www.nytimes.com/2017/07/13/movies/chasing-coral-review.html","",1,"6 wins & 15 nominations.","N/A","86","8.1"
"100","Chasing Trane: The John Coltrane Documentary","2017-04-14","2017-04-13","http://www.nytimes.com/2017/04/13/movies/chasing-trane-the-john-coltrane-documentary-review.html","",0,"1 nomination.","N/A","69","7.3"
"101","Chavela","2017-10-04","2017-10-03","http://www.nytimes.com/2017/10/03/movies/chavela-review.html","Not Rated",0,"4 wins & 4 nominations.","&pound;144,764","68","7.8"
"102","CHIPS","2017-03-24","2017-03-23","http://www.nytimes.com/2017/03/23/movies/chips-review.html","R",0,"1 win & 1 nomination.","$18,591,819","28","6.0"
"103","Chronically Metropolitan","2017-08-04","2017-08-03","http://www.nytimes.com/2017/08/03/movies/chronically-metropolitan-review.html","",0,"N/A","N/A","28","5.2"
"104","Churchill","2017-06-02","2017-05-31","http://www.nytimes.com/2017/05/31/movies/churchill-review.html","PG",0,"N/A","$1,279,681","44","6.3"
"105","Citizen Jane: Battle for the City","2017-04-21","2017-04-19","http://www.nytimes.com/2017/04/19/movies/citizen-jane-battle-for-the-city-review.html","",0,"3 nominations.","N/A","70","7.1"
"106","City of Ghosts","2017-07-07","2017-07-06","http://www.nytimes.com/2017/07/06/movies/city-of-ghosts-review.html","R",0,"N/A","$275,998","57","6.0"
"107","Claire in Motion","2017-01-13","2017-01-12","http://www.nytimes.com/2017/01/12/movies/claire-in-motion-review.html","",0,"4 nominations.","N/A","56","4.3"
"108","Coco","2017-11-22","2017-11-21","http://www.nytimes.com/2017/11/21/movies/coco-review-pixar-disney.html","PG",0,"Won 2 Oscars. Another 86 wins & 28 nominations.","&pound;208,487,719","81","8.4"
"109","Columbus","2017-08-04","2017-08-03","http://www.nytimes.com/2017/08/03/movies/columbus-review.html","",1,"7 wins & 27 nominations.","$892,778","89","7.3"
"110","Company Town","2017-09-08","2017-09-07","http://www.nytimes.com/2017/09/07/movies/company-town-review.html","",0,"N/A","N/A","N/A","6.7"
"111","Cook Off!","2017-11-17","2017-11-16","http://www.nytimes.com/2017/11/16/movies/review-cook-off-melissa-mccarthy.html","R",0,"1 win.","N/A","N/A","4.0"
"112","Crash Pad","2017-09-26","2017-10-26","http://www.nytimes.com/2017/10/26/movies/crash-pad-review.html","R",0,"N/A","N/A","46","5.6"
"113","Crooked House","2017-11-21","2017-12-21","http://www.nytimes.com/2017/12/21/movies/crooked-house-review-glenn-close.html","PG-13",0,"N/A","N/A","59","6.3"
"114","Crown Heights","2017-08-18","2017-08-17","http://www.nytimes.com/2017/08/17/movies/crown-heights-review-lakeith-stanfield.html","R",0,"6 wins & 8 nominations.","$236,439","64","6.4"
"115","Cuba and the Cameraman","2017-11-24","2017-11-23","http://www.nytimes.com/2017/11/23/movies/cuba-and-the-cameraman-review.html","",0,"N/A","N/A","82","8.2"
"116","Daddy's Home 2","2017-11-10","2017-11-09","http://www.nytimes.com/2017/11/09/movies/review-in-daddys-home-2-mel-gibson-will-ferrell-mark-wahlberg.html","PG-13",0,"1 win & 3 nominations.","$102,934,995","30","6.0"
"117","Darkest Hour","2017-11-22","2017-11-21","http://www.nytimes.com/2017/11/21/movies/darkest-hour-review-gary-oldman.html","PG-13",0,"Won 2 Oscars. Another 40 wins & 63 nominations.","$28,086,332","75","7.4"
"118","Darkness Rising","2017-06-30","2017-06-29","http://www.nytimes.com/2017/06/29/movies/darkness-rising-review.html","",0,"N/A","N/A","N/A","3.3"
"119","Dealt","2017-10-20","2017-10-19","http://www.nytimes.com/2017/10/19/movies/dealt-review-richard-turner.html","",0,"4 wins & 2 nominations.","$30,414","66","7.7"
"120","Dean","2017-06-02","2017-05-31","http://www.nytimes.com/2017/05/31/movies/dean-review-demetri-martin.html","PG-13",0,"1 win & 1 nomination.","$248,849","58","6.3"
"121","Desolation","2017-12-15","2017-12-14","http://www.nytimes.com/2017/12/14/movies/desolation-review.html","",0,"N/A","N/A","N/A","4.6"
"122","Despicable Me 3","2017-06-30","2017-06-29","http://www.nytimes.com/2017/06/29/movies/review-despicable-me-3-suggests-a-franchise-running-on-fumes.html","PG",0,"25 nominations.","$264,194,540","49","6.3"
"123","Detroit","2017-08-04","2017-07-26","http://www.nytimes.com/2017/07/26/movies/detroit-review.html","R",0,"5 wins & 16 nominations.","$16,788,494","77","7.4"
"124","Diary of a Wimpy Kid: The Long Haul","2017-05-19","2017-05-17","http://www.nytimes.com/2017/05/17/movies/review-diary-of-a-wimpy-kid-the-long-haul.html","PG",0,"N/A","$20,737,440","39","4.4"
"125","Dig Two Graves","2017-03-24","2017-03-23","http://www.nytimes.com/2017/03/23/movies/dig-two-graves-review.html","",0,"6 wins & 4 nominations.","N/A","67","5.7"
"126","Dina","2017-10-06","2017-10-05","http://www.nytimes.com/2017/10/05/movies/dina-review.html","",0,"6 wins & 3 nominations.","$90,873","75","6.7"
"127","Do It Like An Hombre","2017-09-01","2017-08-31","http://www.nytimes.com/2017/08/31/movies/hazlo-como-hombre-review.html","R",0,"1 win & 1 nomination.","N/A","N/A","5.6"
"128","Downsizing","2017-12-22","2017-12-21","http://www.nytimes.com/2017/12/21/movies/downsizing-review-matt-damon-kristen-wiig.html","R",0,"Nominated for 1 Golden Globe. Another 1 win & 14 nominations.","&pound;22,932,429","63","5.7"
"129","Drone","2017-05-26","2017-05-24","http://www.nytimes.com/2017/05/24/movies/drone-review.html","",0,"N/A","N/A","49","5.3"
"130","Dunkirk","2017-07-21","2017-07-20","http://www.nytimes.com/2017/07/20/movies/dunkirk-review-christopher-nolan.html","PG-13",1,"Won 3 Oscars. Another 51 wins & 197 nominations.","$188,042,171","94","8.0"
"131","Dying Laughing","2017-02-24","2017-02-23","http://www.nytimes.com/2017/02/23/movies/review-dying-laughing-about-bombing-onstage-or-conversely-killing.html","",0,"N/A","N/A","73","6.7"
"132","Eloise","2017-02-03","2017-02-02","http://www.nytimes.com/2017/02/02/movies/eloise-review-eliza-dushku.html","R",0,"N/A","N/A","15","4.5"
"133","Endless Poetry","2017-07-14","2017-07-13","http://www.nytimes.com/2017/07/13/movies/review-endless-poetry-alejandro-jodorowskys-surreal-self-portrait.html","Not Rated",0,"1 win & 3 nominations.","&pound;28,000","78","7.7"
"134","England Is Mine","2017-08-25","2017-08-24","http://www.nytimes.com/2017/08/24/movies/england-is-mine-review.html","",0,"4 nominations.","N/A","45","5.9"
"135","Eric Clapton: Life in 12 Bars","2017-11-24","2017-11-23","http://www.nytimes.com/2017/11/23/movies/eric-clapton-a-life-in-12-bars-review.html","",0,"1 win & 4 nominations.","N/A","62","7.0"
"136","Everybody Loves Somebody","2017-02-17","2017-02-16","http://www.nytimes.com/2017/02/16/movies/everybody-loves-somebody-review.html","PG-13",0,"2 nominations.","$1,906,294","74","6.5"
"137","Everything, Everything","2017-05-19","2017-05-18","http://www.nytimes.com/2017/05/18/movies/everything-everything-review.html","PG-13",0,"1 win & 5 nominations.","$34,091,886","52","6.4"
"138","Father Figures","2017-12-22","2017-12-21","http://www.nytimes.com/2017/12/21/movies/father-figures-review-ed-helms-owen-wilson.html","R",0,"N/A","$16,772,934","22","5.4"
"139","Ferdinand","2017-12-15","2017-12-14","http://www.nytimes.com/2017/12/14/movies/ferdinand-review.html","PG",0,"Nominated for 1 Oscar. Another 2 wins & 15 nominations.","$70,466,891","58","6.7"
"140","Fifty Shades Darker","2017-02-10","2017-02-09","http://www.nytimes.com/2017/02/09/movies/review-fifty-shades-darker-dakota-johnson.html","R",0,"3 wins & 12 nominations.","$114,376,885","33","4.6"
"141","Finding Oscar","2017-04-14","2017-04-13","http://www.nytimes.com/2017/04/13/movies/finding-oscar-review.html","",0,"6 wins.","$21,246","72","7.9"
"142","First Kill","2017-07-21","2017-07-20","http://www.nytimes.com/2017/07/20/movies/first-kill-review.html","R",0,"N/A","N/A","39","4.9"
"143","Fist Fight","2017-02-17","2017-02-16","http://www.nytimes.com/2017/02/16/movies/fist-fight-review-ice-cube-charlie-day.html","R",0,"1 win.","$32,153,522","37","5.6"
"144","Flatliners","2017-09-29","2017-09-29","http://www.nytimes.com/2017/09/29/movies/flatliners-review.html","PG-13",0,"Nominated for 1 Oscar. Another 2 nominations.","N/A","55","6.6"
"145","Folk Hero & Funny Guy","2017-05-12","2017-05-11","http://www.nytimes.com/2017/05/11/movies/folk-hero-and-funny-guy-review.html","",0,"2 wins & 1 nomination.","N/A","64","5.6"
"146","Food Evolution","2017-06-23","2017-06-22","http://www.nytimes.com/2017/06/22/movies/food-evolution-review.html","",0,"1 nomination.","N/A","72","6.9"
"147","Footnotes","2017-07-14","2017-07-13","http://www.nytimes.com/2017/07/13/movies/footnotes-review.html","",0,"1 nomination.","N/A","60","6.0"
"148","For Ahkeem","2017-10-13","2017-10-12","http://www.nytimes.com/2017/10/12/movies/review-in-for-ahkeem-a-last-option-for-a-troubled-teenager.html","",0,"2 wins & 2 nominations.","N/A","N/A","8.1"
"149","Frank Serpico","2017-11-01","2017-10-31","http://www.nytimes.com/2017/10/31/movies/frank-serpico-review.html","",0,"N/A","N/A","68","6.7"
"150","Free Fire","2017-04-21","2017-04-20","http://www.nytimes.com/2017/04/20/movies/free-fire-review.html","R",1,"1 win & 6 nominations.","$1,798,483","63","6.4"
"151","From Nowhere","2017-02-17","2017-02-16","http://www.nytimes.com/2017/02/16/movies/from-nowhere-review.html","",1,"4 wins & 3 nominations.","$5,408","75","7.2"
"152","From the Land of the Moon","2017-07-28","2017-07-27","http://www.nytimes.com/2017/07/27/movies/from-the-land-of-the-moon-review.html","R",0,"14 nominations.","$45,457","40","6.7"
"153","Fun Mom Dinner","2017-08-04","2017-08-03","http://www.nytimes.com/2017/08/03/movies/fun-mom-dinner-review.html","R",0,"1 win & 1 nomination.","N/A","46","5.1"
"154","Gaga: Five Foot Two","2017-09-22","2017-09-21","http://www.nytimes.com/2017/09/21/movies/gaga-five-foot-two-review.html","",0,"1 nomination.","N/A","63","7.1"
"155","Geostorm","2017-10-20","2017-10-20","http://www.nytimes.com/2017/10/20/movies/geostorm-review-gerard-butler.html","PG-13",0,"N/A","$33,681,965","21","5.3"
"156","Get Me Roger Stone","2017-05-12","2017-05-11","http://www.nytimes.com/2017/05/11/movies/get-me-roger-stone-review-donald-trump.html","",0,"2 wins.","N/A","75","7.4"
"157","Get Out","2017-02-24","2017-02-23","http://www.nytimes.com/2017/02/23/movies/get-out-review-jordan-peele.html","R",1,"Won 1 Oscar. Another 122 wins & 181 nominations.","$175,428,355","84","7.7"
"158","Ghost in the Shell","2017-03-31","2017-03-30","http://www.nytimes.com/2017/03/30/movies/ghost-in-the-shell-review-scarlett-johansson.html","PG-13",0,"2 wins & 6 nominations.","$40,533,014","52","6.4"
"159","Gifted","2017-04-07","2017-04-06","http://www.nytimes.com/2017/04/06/movies/gifted-review.html","PG-13",0,"6 wins & 7 nominations.","$24,799,765","60","7.6"
"160","Gilbert","2017-04-01","2017-11-02","http://www.nytimes.com/2017/11/02/movies/wait-for-your-laugh-review-gilbert-gottfried-rose-marie.html","",0,"1 win.","N/A","73","7.6"
"161","Girls Trip","2017-07-21","2017-07-19","http://www.nytimes.com/2017/07/19/movies/girls-trip-review-dargis-queen-latifah-regina-hall-tiffany-haddish-jada-pinkett-smith.html","R",0,"10 wins & 32 nominations.","$115,088,305","71","6.2"
"162","God's Own Country","2017-10-25","2017-10-24","http://www.nytimes.com/2017/10/24/movies/gods-own-country-review.html","",1,"Nominated for 1 BAFTA Film Award. Another 23 wins & 28 nominations.","N/A","85","7.7"
"163","Going in Style","2017-04-07","2017-04-06","http://www.nytimes.com/2017/04/06/movies/going-in-style-review.html","PG-13",0,"N/A","N/A","50","6.6"
"164","Gold","2017-01-27","2017-01-26","http://www.nytimes.com/2017/01/26/movies/gold-review-matthew-mcconaughey.html","R",0,"Nominated for 1 Golden Globe. Another 1 win & 3 nominations.","$7,222,964","49","6.7"
"165","Good Time","2017-08-11","2017-08-10","http://www.nytimes.com/2017/08/10/movies/good-time-review-robert-pattinson.html","R",0,"6 wins & 36 nominations.","$1,999,047","80","7.3"
"166","Growing Up Smith","2017-02-03","2017-02-02","http://www.nytimes.com/2017/02/02/movies/growing-up-smith-review.html","PG-13",0,"5 wins & 8 nominations.","$14,867","N/A","6.8"
"167","Guardians of the Galaxy Vol. 2","2017-05-05","2017-05-04","http://www.nytimes.com/2017/05/04/movies/guardians-of-the-galaxy-2-review-chris-pratt.html","PG-13",0,"Nominated for 1 Oscar. Another 12 wins & 42 nominations.","$389,804,217","67","7.7"
"168","Handsome Devil","2017-06-02","2017-06-01","http://www.nytimes.com/2017/06/01/movies/handsome-devil-review.html","",0,"4 wins & 1 nomination.","N/A","60","7.1"
"169","Hangman","2017-11-24","2017-12-21","http://www.nytimes.com/2017/12/21/movies/hangman-review-al-pacino.html","R",0,"N/A","N/A","31","5.2"
"170","Happy Death Day","2017-10-13","2017-10-12","http://www.nytimes.com/2017/10/12/movies/happy-death-day-review.html","PG-13",0,"1 nomination.","$55,398,005","57","6.5"
"171","Happy End","2017-12-22","2017-12-21","http://www.nytimes.com/2017/12/21/movies/happy-end-review-michael-haneke.html","R",1,"5 nominations.","&pound;83,292","72","6.8"
"172","Harmonium","2017-06-16","2017-06-15","http://www.nytimes.com/2017/06/15/movies/harmonium-review.html","Not Rated",1,"4 wins & 6 nominations.","N/A","84","6.9"
"173","Harold and Lillian: A Hollywood Love Story","2017-04-28","2017-04-27","http://www.nytimes.com/2017/04/27/movies/harold-and-lillian-review.html","",1,"1 nomination.","N/A","75","8.2"
"174","Hello Again","2017-11-08","2017-11-07","http://www.nytimes.com/2017/11/07/movies/hello-again-review.html","",0,"1 nomination.","N/A","N/A","5.1"
"175","Hidden Figures","2017-01-06","2016-12-22","http://www.nytimes.com/2016/12/22/movies/hidden-figures-review.html","PG",0,"Nominated for 3 Oscars. Another 36 wins & 81 nominations.","$169,385,416","74","7.8"
"176","Hollow in the Land","2017-12-08","2017-12-07","http://www.nytimes.com/2017/12/07/movies/hollow-in-the-land-review-dianna-agron.html","",0,"N/A","N/A","58","5.6"
"177","Home Again","2017-09-08","2017-09-06","http://www.nytimes.com/2017/09/06/movies/home-again-review-hallie-meyers-shyer.html","PG-13",0,"N/A","$26,353,346","41","5.8"
"178","How Heavy This Hammer","2017-02-17","2017-02-16","http://www.nytimes.com/2017/02/16/movies/how-heavy-this-hammer-review.html","",0,"1 nomination.","N/A","47","6.7"
"179","How to Be a Latin Lover","2017-04-28","2017-04-28","http://www.nytimes.com/2017/04/28/movies/how-to-be-a-latin-lover-review-eugenio-derbez.html","PG-13",0,"2 wins & 2 nominations.","$32,088,029","54","5.9"
"180","I Am Not Your Negro","2017-02-03","2017-02-02","http://www.nytimes.com/2017/02/02/movies/review-i-am-not-your-negro-review-james-baldwin.html","PG-13",1,"Nominated for 1 Oscar. Another 25 wins & 45 nominations.","$7,120,626","95","7.8"
"181","I Called Him Morgan","2017-03-24","2017-03-23","http://www.nytimes.com/2017/03/23/movies/i-called-him-morgan-review.html","",0,"1 win & 6 nominations.","$8,544","90","7.2"
"182","I Do... Until I Don't","2017-09-01","2017-08-31","http://www.nytimes.com/2017/08/31/movies/i-do-until-i-dont-review.html","R",0,"N/A","$279,263","43","4.5"
"183","I Dream in Another Language","2017-07-28","2017-07-27","http://www.nytimes.com/2017/07/27/movies/i-dream-in-another-language-review.html","Not Rated",0,"8 wins & 3 nominations.","N/A","64","7.5"
"184","I Remember You","2017-11-10","2017-11-09","http://www.nytimes.com/2017/11/09/movies/i-remember-you-review.html","",1,"2 nominations.","N/A","N/A","6.2"
"185","I, Tonya","2017-12-08","2017-12-06","http://www.nytimes.com/2017/12/06/movies/i-tonya-review-margot-robbie.html","R",0,"Nominated for 3 Oscars. Another 31 wins & 109 nominations.","$28,950,158","77","7.5"
"186","Icarus","2017-08-04","2017-08-03","http://www.nytimes.com/2017/08/03/movies/icarus-review.html","",0,"Won 1 Oscar. Another 5 wins & 9 nominations.","N/A","68","8.0"
"187","Imperfections","2017-07-28","2017-07-27","http://www.nytimes.com/2017/07/27/movies/imperfections-review.html","",0,"N/A","N/A","45","5.5"
"188","In Pursuit of Silence","2017-06-23","2017-06-22","http://www.nytimes.com/2017/06/22/movies/in-pursuit-of-silence-review.html","",0,"2 wins & 3 nominations.","N/A","70","7.2"
"189","In Search of Fellini","2017-09-15","2017-09-14","http://www.nytimes.com/2017/09/14/movies/in-search-of-fellini-review.html","R",0,"4 wins.","$10,796","55","6.2"
"190","In the Fade","2017-12-27","2017-12-26","http://www.nytimes.com/2017/12/26/movies/in-the-fade-review-diane-kruger.html","R",0,"Won 1 Golden Globe. Another 13 wins & 17 nominations.","N/A","65","7.1"
"191","In Transit","2017-06-23","2017-06-22","http://www.nytimes.com/2017/06/22/movies/in-transit-review-albert-maysles.html","",1,"1 win & 4 nominations.","N/A","90","7.7"
"192","Ingrid Goes West","2017-08-11","2017-08-10","http://www.nytimes.com/2017/08/10/movies/ingrid-goes-west-review.html","R",0,"2 wins & 8 nominations.","$3,016,057","71","6.6"
"193","Intent to Destroy","2017-11-10","2017-11-09","http://www.nytimes.com/2017/11/09/movies/intent-to-destroy-armenian-genocide-review.html","",0,"3 wins.","N/A","N/A","8.5"
"194","It","2017-09-08","2017-09-06","http://www.nytimes.com/2017/09/06/movies/it-review-stephen-king.html","R",0,"4 wins & 30 nominations.","$326,898,358","69","7.4"
"195","It's Not Yet Dark","2017-08-04","2017-08-03","http://www.nytimes.com/2017/08/03/movies/its-not-yet-dark-review.html","",0,"2 wins & 8 nominations.","N/A","75","7.7"
"196","It Comes at Night","2017-06-09","2017-06-08","http://www.nytimes.com/2017/06/08/movies/it-comes-at-night-review.html","R",1,"8 nominations.","$13,985,117","78","6.2"
"197","It Happened in L.A.","2017-11-03","2017-11-02","http://www.nytimes.com/2017/11/02/movies/it-happened-in-la-review.html","",0,"1 nomination.","N/A","58","6.2"
"198","Jeremiah Tower: The Last Magnificent","2017-04-21","2017-04-19","http://www.nytimes.com/2017/04/19/movies/jeremiah-tower-the-last-magnificent-review.html","R",0,"N/A","N/A","68","6.4"
"199","Joan Didion: The Center Will Not Hold","2017-10-27","2017-10-24","http://www.nytimes.com/2017/10/24/movies/joan-didion-the-center-will-not-hold-review-griffin-dunne.html","",1,"3 nominations.","N/A","72","7.4"
"200","John Wick: Chapter 2","2017-02-10","2017-02-09","http://www.nytimes.com/2017/02/09/movies/john-wick-chapter-2-review-keanu-reeves.html","R",0,"4 wins & 4 nominations.","&pound;91,970,516","75","7.5"
"201","Julian Schnabel: A Private Portrait","2017-05-05","2017-05-04","http://www.nytimes.com/2017/05/04/movies/julian-schnabel-a-private-portrait-review.html","",0,"N/A","$8,679","42","7.1"
"202","Jumanji: Welcome to the Jungle","2017-12-20","2017-12-19","http://www.nytimes.com/2017/12/19/movies/jumanji-welcome-to-the-jungle-review-dwayne-johnson.html","PG-13",0,"2 wins & 3 nominations.","$393,201,353","58","7.0"
"203","Jungle","2017-10-20","2017-10-19","http://www.nytimes.com/2017/10/19/movies/jungle-review-daniel-radcliffe.html","R",0,"1 win & 1 nomination.","N/A","48","6.7"
"204","Just Getting Started","2017-12-08","2017-12-11","http://www.nytimes.com/2017/12/11/movies/just-getting-started-review-morgan-freeman-tommy-lee-jones.html","PG-13",0,"N/A","N/A","21","4.3"
"205","Justice League","2017-11-17","2017-11-15","http://www.nytimes.com/2017/11/15/movies/justice-league-review-wonder-woman-batman-dc-comics.html","PG-13",0,"1 win & 6 nominations.","$227,032,490","45","6.6"
"206","Kaleidoscope","2017-12-08","2017-12-07","http://www.nytimes.com/2017/12/07/movies/kaleidoscope-review.html","",0,"1 nomination.","N/A","N/A","6.0"
"207","Karl Marx City","2017-03-29","2017-03-28","http://www.nytimes.com/2017/03/28/movies/karl-marx-city-review.html","",1,"3 nominations.","N/A","73","6.5"
"208","Kedi","2017-02-10","2017-02-09","http://www.nytimes.com/2017/02/09/movies/kedi-review.html","Not Rated",1,"4 wins & 19 nominations.","N/A","78","7.7"
"209","Keep Quiet","2017-02-10","2017-02-16","http://www.nytimes.com/2017/02/16/movies/keep-quiet-review.html","",0,"3 nominations.","$50,451","76","6.7"
"210","Kidnap","2017-08-04","2017-08-03","http://www.nytimes.com/2017/08/03/movies/kidnap-review-halle-berry.html","R",0,"1 nomination.","$30,597,319","44","5.9"
"211","Kiki","2017-03-01","2017-02-28","http://www.nytimes.com/2017/02/28/movies/kiki-review.html","",0,"5 wins & 4 nominations.","N/A","73","5.3"
"212","Kill Me Please","2017-09-01","2017-08-31","http://www.nytimes.com/2017/08/31/movies/kill-me-please-review.html","",1,"2 wins & 2 nominations.","N/A","N/A","6.4"
"213","Kill Switch","2017-06-16","2017-06-15","http://www.nytimes.com/2017/06/15/movies/kill-switch-review.html","R",0,"N/A","N/A","31","4.8"
"214","Killing for Love","2017-12-15","2017-12-14","http://www.nytimes.com/2017/12/14/movies/killing-for-love-review.html","",0,"N/A","N/A","N/A","4.1"
"215","Killing Ground","2017-07-21","2017-07-20","http://www.nytimes.com/2017/07/20/movies/killing-ground-review.html","",0,"2 nominations.","N/A","59","5.8"
"216","King Arthur: Legend of the Sword","2017-05-12","2017-05-11","http://www.nytimes.com/2017/05/11/movies/king-arthur-review-charlie-hunnam.html","PG-13",0,"8 nominations.","$39,037,047","41","6.8"
"217","Kingsman: The Golden Circle","2017-09-22","2017-09-20","http://www.nytimes.com/2017/09/20/movies/kingsman-the-golden-circle-review.html","R",0,"1 win & 4 nominations.","$99,733,121","44","6.8"
"218","Kong: Skull Island","2017-03-10","2017-03-09","http://www.nytimes.com/2017/03/09/movies/kong-skull-island-review-brie-larson.html","PG-13",0,"Nominated for 1 Oscar. Another 1 win & 15 nominations.","$167,986,460","62","6.7"
"219","Kung Fu Yoga","2017-01-27","2017-01-26","http://www.nytimes.com/2017/01/26/movies/kung-fu-yoga-review-jackie-chan.html","",0,"N/A","N/A","50","5.2"
"220","L'enfant secret","2017-10-18","2017-10-17","http://www.nytimes.com/2017/10/17/movies/lenfant-secret-review-philippe-garrel.html","",0,"1 win.","N/A","N/A","7.0"
"221","LA 92","2017-04-28","2017-04-27","http://www.nytimes.com/2017/04/27/movies/la-92-review.html","R",0,"Won 1 Primetime Emmy. Another 1 win & 9 nominations.","N/A","66","8.2"
"222","Lady Bird","2017-11-03","2017-10-31","http://www.nytimes.com/2017/10/31/movies/lady-bird-review-greta-gerwig-saoirse-ronan.html","R",1,"Nominated for 5 Oscars. Another 102 wins & 191 nominations.","$48,285,330","94","7.5"
"223","Lady Macbeth","2017-07-14","2017-07-13","http://www.nytimes.com/2017/07/13/movies/lady-macbeth-review.html","R",0,"Nominated for 2 BAFTA Film Awards. Another 18 wins & 39 nominations.","$1,128,187","76","6.9"
"224","Landline","2017-07-21","2017-07-20","http://www.nytimes.com/2017/07/20/movies/landline-review.html","R",0,"1 nomination.","N/A","66","6.4"
"225","Last Flag Flying","2017-11-03","2017-11-02","http://www.nytimes.com/2017/11/02/movies/last-flag-flying-review-steve-carell-bryan-cranston-laurence-fishburne-richard-linklater.html","R",0,"2 wins & 7 nominations.","$411,864","65","6.9"
"226","LBJ","2017-11-03","2017-11-02","http://www.nytimes.com/2017/11/02/movies/lbj-review-woody-harrelson-rob-reiner.html","R",0,"1 nomination.","$2,359,952","54","6.4"
"227","Leap!","2017-08-25","2017-08-23","http://www.nytimes.com/2017/08/23/movies/leap-review-elle-fanning.html","PG",0,"1 nomination.","$21,797,758","48","6.8"
"228","Left on Purpose","2017-02-10","2017-02-09","http://www.nytimes.com/2017/02/09/movies/left-on-purpose-review.html","",0,"4 wins & 1 nomination.","N/A","69","8.6"
"229","Legion of Brothers","2017-01-01","2017-05-17","http://www.nytimes.com/2017/05/17/movies/legion-of-brothers-review.html","",0,"1 nomination.","N/A","77","5.7"
"230","Lemon","2017-08-18","2017-08-23","http://www.nytimes.com/2017/08/23/movies/lemon-review.html","",0,"1 win & 6 nominations.","N/A","59","4.6"
"231","Letters from Baghdad","2017-06-02","2017-05-31","http://www.nytimes.com/2017/05/31/movies/letters-from-baghdad-gertrude-bell-review.html","",0,"2 wins & 2 nominations.","N/A","71","6.8"
"232","Life","2017-03-24","2017-03-23","http://www.nytimes.com/2017/03/23/movies/life-review-jake-gyllenhaal-ryan-reynolds.html","R",0,"5 nominations.","&pound;30,180,466","54","6.6"
"233","Little Boxes","2017-04-14","2017-04-13","http://www.nytimes.com/2017/04/13/movies/little-boxes-review.html","",0,"3 nominations.","N/A","53","5.9"
"234","Live by Night","2017-01-13","2016-12-22","http://www.nytimes.com/2016/12/22/movies/live-by-night-ben-affleck.html","R",0,"2 nominations.","$10,377,558","49","6.4"
"235","Live Cargo","2017-03-31","2017-03-30","http://www.nytimes.com/2017/03/30/movies/live-cargo-review.html","",0,"1 win & 4 nominations.","N/A","56","4.6"
"236","Liza, Liza, Skies Are Grey","2017-02-02","2017-08-16","http://www.nytimes.com/2017/08/16/movies/liza-liza-skies-are-grey-review.html","",0,"N/A","N/A","37","6.0"
"237","Logan","2017-03-03","2017-03-02","http://www.nytimes.com/2017/03/02/movies/logan-review-hugh-jackman-wolverine-x-men.html","R",0,"Nominated for 1 Oscar. Another 13 wins & 55 nominations.","$226,276,809","77","8.1"
"238","Logan Lucky","2017-08-18","2017-08-16","http://www.nytimes.com/2017/08/16/movies/review-logan-lucky-steven-soderbergh-and-his-motley-band-of-thieves.html","PG-13",1,"2 wins & 9 nominations.","$27,696,504","78","7.0"
"239","Long Strange Trip","2017-05-26","2017-05-25","http://www.nytimes.com/2017/05/25/movies/long-strange-trip-review-grateful-dead.html","R",1,"2 wins & 5 nominations.","N/A","78","8.3"
"240","Lost in Florence","2017-01-27","2017-01-26","http://www.nytimes.com/2017/01/26/movies/lost-in-florence-review.html","",0,"N/A","N/A","28","5.1"
"241","Love Beats Rhymes","2017-12-01","2017-11-30","http://www.nytimes.com/2017/11/30/movies/love-beats-rhymes-azealia-banks-rza.html","R",0,"N/A","N/A","54","5.1"
"242","Lovesong","2017-02-17","2017-02-16","http://www.nytimes.com/2017/02/16/movies/lovesong-review.html","",1,"1 win & 3 nominations.","$10,545","74","6.4"
"243","Loving Vincent","2017-09-22","2017-09-21","http://www.nytimes.com/2017/09/21/movies/loving-vincent-review-van-gogh.html","PG-13",0,"Nominated for 1 Oscar. Another 17 wins & 48 nominations.","$6,388,510","62","7.8"
"244","Lowriders","2017-05-12","2017-05-10","http://www.nytimes.com/2017/05/10/movies/review-cars-and-culture-clashes-in-lowriders.html","PG-13",0,"5 nominations.","$6,155,650","57","5.6"
"245","Lucky","2017-09-29","2017-09-28","http://www.nytimes.com/2017/09/28/movies/lucky-review-harry-dean-stanton.html","",1,"10 wins & 14 nominations.","N/A","80","7.4"
"246","Manifesto","2017-05-10","2017-05-09","http://www.nytimes.com/2017/05/09/movies/manifesto-review-cate-blanchett.html","",1,"1 win & 2 nominations.","N/A","72","6.7"
"247","Manolo: The Boy Who Made Shoes for Lizards","2017-09-15","2017-09-14","http://www.nytimes.com/2017/09/14/movies/manolo-blahnik-documentary-review.html","",0,"N/A","$39,504","52","6.3"
"248","Mark Felt: The Man Who Brought Down the White House","2017-09-29","2017-09-28","http://www.nytimes.com/2017/09/28/movies/mark-felt-the-man-who-brought-down-the-white-house-review-liam-neeson.html","PG-13",0,"1 nomination.","N/A","49","6.4"
"249","Marshall","2017-10-13","2017-10-12","http://www.nytimes.com/2017/10/12/movies/marshall-review-chadwick-boseman.html","PG-13",0,"Nominated for 1 Oscar. Another 4 wins & 16 nominations.","N/A","66","7.2"
"250","Master","2017-01-06","2017-01-05","http://www.nytimes.com/2017/01/05/movies/master-review.html","",0,"1 nomination.","N/A","53","6.6"
"251","Maya Dardel","2017-10-27","2017-10-26","http://www.nytimes.com/2017/10/26/movies/maya-dardel-review-lena-olin.html","",0,"3 wins & 3 nominations.","N/A","53","4.8"
"252","Mayhem","2017-11-10","2017-11-09","http://www.nytimes.com/2017/11/09/movies/mayhem-review-steven-yeun.html","Not Rated",0,"2 wins & 2 nominations.","N/A","62","6.3"
"253","Mean Dreams","2017-03-17","2017-03-16","http://www.nytimes.com/2017/03/16/movies/mean-dreams-review-bill-paxton.html","R",0,"1 win & 4 nominations.","N/A","64","6.3"
"254","Megan Leavey","2017-06-09","2017-06-08","http://www.nytimes.com/2017/06/08/movies/megan-leavey-review-kate-mara.html","PG-13",1,"1 win.","$13,401,068","66","7.1"
"255","Menashe","2017-07-28","2017-07-27","http://www.nytimes.com/2017/07/27/movies/menashe-review.html","PG",1,"4 wins & 15 nominations.","$1,688,620","81","6.5"
"256","Midsummer in Newtown","2017-01-27","2017-01-26","http://www.nytimes.com/2017/01/26/movies/midsummer-in-newtown-review.html","",0,"1 nomination.","N/A","66","6.6"
"257","Miles","2017-06-09","2017-06-08","http://www.nytimes.com/2017/06/08/movies/miles-review.html","",0,"6 wins & 1 nomination.","N/A","N/A","5.7"
"258","Miss Kiet's Children","2017-12-13","2017-12-12","http://www.nytimes.com/2017/12/12/movies/review-in-miss-kiets-children-refugees-adjust-to-dutch-life.html","",0,"N/A","N/A","N/A","8.4"
"259","Mister Universo","2017-07-21","2017-07-20","http://www.nytimes.com/2017/07/20/movies/mister-universo-review.html","",1,"2 wins & 1 nomination.","N/A","N/A","7.1"
"260","Monster Trucks","2017-01-13","2017-01-12","http://www.nytimes.com/2017/01/12/movies/monster-trucks-review.html","PG",1,"2 nominations.","$33,243,820","41","5.7"
"261","Moscow Never Sleeps","2017-06-09","2017-06-08","http://www.nytimes.com/2017/06/08/movies/moscow-never-sleeps-review.html","",0,"N/A","N/A","51","5.7"
"262","Most Beautiful Island","2017-11-03","2017-11-02","http://www.nytimes.com/2017/11/02/movies/most-beautiful-island-review.html","",1,"2 wins & 5 nominations.","N/A","73","5.6"
"263","Mother!","2017-09-15","2017-09-13","http://www.nytimes.com/2017/09/13/movies/mother-review-jennifer-lawrence-darren-aronofsky.html","R",0,"5 wins & 30 nominations.","$17,297,289","75","6.6"
"264","Mr. Chibbs","2017-05-03","2017-05-02","http://www.nytimes.com/2017/05/02/movies/mr-chibbs-review-kenny-anderson.html","",0,"N/A","$8,239","N/A","7.6"
"265","Mr. Gaga","2017-02-01","2017-01-31","http://www.nytimes.com/2017/01/31/movies/mr-gaga-review-ohad-naharin.html","",0,"3 wins & 11 nominations.","&pound;173,994","71","7.6"
"266","Mr. Roosevelt","2017-11-22","2017-11-21","http://www.nytimes.com/2017/11/21/movies/mr-roosevelt-review-noel-wells.html","",0,"5 wins & 4 nominations.","N/A","73","6.2"
"267","Mudbound","2017-11-17","2017-11-16","http://www.nytimes.com/2017/11/16/movies/mudbound-review-dee-rees.html","R",1,"Nominated for 4 Oscars. Another 26 wins & 91 nominations.","N/A","85","7.4"
"268","Mully","2017-10-27","2017-10-26","http://www.nytimes.com/2017/10/26/movies/mully-review.html","",0,"8 wins & 1 nomination.","N/A","N/A","7.8"
"269","Murder on the Orient Express","2017-11-10","2017-11-08","http://www.nytimes.com/2017/11/08/movies/murder-on-the-orient-express-review-kenneth-branagh.html","PG-13",0,"18 nominations.","$101,555,644","52","6.5"
"270","My Friend Dahmer","2017-11-03","2017-11-02","http://www.nytimes.com/2017/11/02/movies/review-my-friend-dahmer-the-boy-who-became-a-cannibal.html","R",0,"1 win & 3 nominations.","$1,306,946","68","6.3"
"271","My Life as a Zucchini","2017-02-24","2017-02-23","http://www.nytimes.com/2017/02/23/movies/my-life-as-a-zucchini-review.html","PG-13",0,"Nominated for 1 Oscar. Another 20 wins & 18 nominations.","$279,912","85","7.8"
"272","My Name Is Emily","2017-02-17","2017-02-16","http://www.nytimes.com/2017/02/16/movies/my-name-is-emily-review.html","",0,"5 wins & 9 nominations.","N/A","55","6.9"
"273","My Scientology Movie","2017-03-10","2017-03-08","http://www.nytimes.com/2017/03/08/movies/my-scientology-movie-review.html","Not Rated",0,"3 nominations.","$22,450","62","6.7"
"274","Nakom","2017-03-03","2017-03-02","http://www.nytimes.com/2017/03/02/movies/nakom-review.html","",0,"1 win & 6 nominations.","N/A","70","7.0"
"275","Naples '44","2017-11-29","2017-11-28","http://www.nytimes.com/2017/11/28/movies/review-naples-44.html","",0,"1 win & 1 nomination.","N/A","51","6.5"
"276","Natasha","2017-04-28","2017-04-27","http://www.nytimes.com/2017/04/27/movies/natasha-review.html","",0,"2 wins & 1 nomination.","N/A","N/A","6.6"
"277","Never Here","2017-10-20","2017-10-19","http://www.nytimes.com/2017/10/19/movies/never-here-review.html","R",0,"3 nominations.","N/A","64","4.4"
"278","Nise: The Heart of Madness","2017-04-28","2017-04-27","http://www.nytimes.com/2017/04/27/movies/nise-review.html","",1,"4 wins & 6 nominations.","N/A","N/A","7.7"
"279","No Dress Code Required","2017-11-03","2017-11-02","http://www.nytimes.com/2017/11/02/movies/no-dress-code-required-review.html","",0,"1 win.","N/A","N/A","N/A"
"280","Nobody's Watching","2017-09-08","2017-09-07","http://www.nytimes.com/2017/09/07/movies/nobodys-watching-review.html","",1,"N/A","N/A","N/A","8.9"
"281","Nobody Speak: Trials of the Free Press","2017-06-23","2017-06-22","http://www.nytimes.com/2017/06/22/movies/nobody-speak-the-trials-of-the-free-press-review.html","",0,"2 nominations.","N/A","68","6.5"
"282","Nocturama","2017-08-11","2017-08-10","http://www.nytimes.com/2017/08/10/movies/nocturama-review-bertrand-bonello.html","",0,"5 wins & 19 nominations.","N/A","71","6.6"
"283","Norman","2017-04-14","2017-04-13","http://www.nytimes.com/2017/04/13/movies/norman-review-richard-gere.html","R",1,"1 win & 1 nomination.","$3,814,868","75","6.2"
"284","Nowhere to Hide","2017-06-23","2017-06-22","http://www.nytimes.com/2017/06/22/movies/nowhere-to-hide-review.html","",1,"8 wins.","N/A","55","6.6"
"285","Okja","2017-06-28","2017-06-27","http://www.nytimes.com/2017/06/27/movies/review-okja-bong-joon-ho.html","",1,"6 wins & 10 nominations.","N/A","75","7.3"
"286","Once Upon a Time in Venice","2017-06-16","2017-06-15","http://www.nytimes.com/2017/06/15/movies/review-once-upon-a-time-in-venice-unleashes-a-bland-bruce-willis.html","",0,"N/A","N/A","28","5.3"
"287","One of Us","2017-10-20","2017-10-19","http://www.nytimes.com/2017/10/19/movies/one-of-us-review.html","",0,"1 win & 3 nominations.","N/A","79","7.1"
"288","One Piece Film: Gold","2017-01-10","2017-01-09","http://www.nytimes.com/2017/01/09/movies/review-one-piece-film-gold-a-frantic-hunt-for-pirate-loot.html","",0,"1 nomination.","N/A","43","7.4"
"289","Only the Brave","2017-10-20","2017-10-19","http://www.nytimes.com/2017/10/19/movies/only-the-brave-review-josh-brolin.html","PG-13",1,"3 nominations.","$18,255,680","72","7.7"
"290","Our Souls at Night","2017-09-29","2017-09-27","http://www.nytimes.com/2017/09/27/movies/our-souls-at-night-review-robert-redford-jane-fonda.html","",0,"N/A","N/A","69","6.9"
"291","Overdrive","2017-10-06","2017-10-05","http://www.nytimes.com/2017/10/05/movies/overdrive-review-scott-eastwood.html","PG-13",0,"N/A","N/A","N/A","5.4"
"292","Paint It Black","2017-05-19","2017-05-18","http://www.nytimes.com/2017/05/18/movies/paint-it-black-review-amber-tamblyn.html","",0,"1 win & 1 nomination.","N/A","71","5.5"
"293","Paraguay Remembered","2017-02-24","2017-02-23","http://www.nytimes.com/2017/02/23/movies/paraguay-remembered-review.html","",0,"1 nomination.","N/A","N/A","N/A"
"294","Paris Can Wait","2017-05-12","2017-05-10","http://www.nytimes.com/2017/05/10/movies/paris-can-wait-review.html","PG",0,"1 nomination.","$5,617,321","48","5.8"
"295","Patriots Day","2017-01-13","2016-12-20","http://www.nytimes.com/2016/12/20/movies/patriots-day-boston-marathon-review.html","R",0,"2 wins & 3 nominations.","$31,856,991","69","7.4"
"296","Patti Cake$","2017-08-18","2017-08-17","http://www.nytimes.com/2017/08/17/movies/patti-cakes-review.html","R",0,"7 wins & 11 nominations.","$794,817","67","6.6"
"297","Paulina","2017-06-23","2017-06-22","http://www.nytimes.com/2017/06/22/movies/paulina-review.html","",0,"20 wins & 19 nominations.","N/A","70","6.5"
"298","Pearl Jam: Let's Play Two","2017-09-29","2017-09-28","http://www.nytimes.com/2017/09/28/movies/lets-play-two-review-pearl-jam-eddie-vedder.html","",0,"N/A","N/A","75","8.5"
"299","Permanent","2017-12-15","2017-12-15","http://www.nytimes.com/2017/12/15/movies/permanent-review-patricia-arquette.html","PG-13",0,"N/A","&pound;12,777","41","5.5"
"300","Person to Person","2017-07-28","2017-07-27","http://www.nytimes.com/2017/07/27/movies/person-to-person-review.html","",0,"5 nominations.","&pound;48,347","53","5.7"
"301","Personal Shopper","2017-03-10","2017-03-09","http://www.nytimes.com/2017/03/09/movies/personal-shopper-review-kristen-stewart.html","R",1,"9 wins & 19 nominations.","$1,305,195","77","6.2"
"302","Phantom Thread","2017-12-25","2017-12-24","http://www.nytimes.com/2017/12/24/movies/phantom-thread-review-daniel-day-lewis.html","R",1,"Won 1 Oscar. Another 46 wins & 93 nominations.","&pound;947,190","90","7.6"
"303","Phillauri","2017-03-24","2017-03-26","http://www.nytimes.com/2017/03/26/movies/phillauri-review.html","",0,"1 nomination.","$459,391","N/A","6.1"
"304","Pilgrimage","2017-08-11","2017-08-10","http://www.nytimes.com/2017/08/10/movies/pilgrimage-review.html","",0,"1 nomination.","N/A","60","5.8"
"305","Pirates of the Caribbean: Dead Men Tell No Tales","2017-05-26","2017-05-25","http://www.nytimes.com/2017/05/25/movies/pirates-of-the-caribbean-dead-men-tell-no-tales-review-johnny-depp.html","PG-13",0,"9 nominations.","$172,537,139","39","6.6"
"306","Pitch Perfect 3","2017-12-22","2017-12-20","http://www.nytimes.com/2017/12/20/movies/pitch-perfect-3-review-anna-kendrick.html","PG-13",0,"2 wins & 3 nominations.","$104,880,310","40","5.9"
"307","Power Rangers","2017-03-24","2017-03-23","http://www.nytimes.com/2017/03/23/movies/sabans-power-rangers-review.html","PG-13",0,"6 nominations.","$85,275,488","44","6.0"
"308","Prevenge","2017-03-24","2017-03-22","http://www.nytimes.com/2017/03/22/movies/prevenge-review.html","",1,"2 wins & 10 nominations.","N/A","71","5.9"
"309","Professor Marston and the Wonder Women","2017-10-13","2017-10-12","http://www.nytimes.com/2017/10/12/movies/professor-marston-and-the-wonder-woman-review.html","R",1,"6 nominations.","$1,583,641","68","7.1"
"310","Quest","2017-12-08","2017-12-07","http://www.nytimes.com/2017/12/07/movies/quest-review-philadelphia-documentary.html","",1,"Won 1 Oscar. Another 19 wins & 1 nomination.","N/A","N/A","7.4"
"311","Radio Dreams","2017-05-19","2017-05-31","http://www.nytimes.com/2017/05/31/movies/radio-dreams-review.html","",1,"4 wins & 5 nominations.","&pound;18,642","74","6.0"
"312","Raees","2017-01-25","2017-01-26","http://www.nytimes.com/2017/01/26/movies/raes-review-shah-rukh-khan.html","",1,"N/A","N/A","N/A","N/A"
"313","Railroad Tigers","2017-01-06","2017-01-05","http://www.nytimes.com/2017/01/05/movies/railroad-tigers-review-jackie-chan.html","",0,"2 nominations.","N/A","47","5.9"
"314","Raw","2017-03-10","2017-03-09","http://www.nytimes.com/2017/03/09/movies/raw-review.html","R",1,"16 wins & 37 nominations.","$508,425","81","7.0"
"315","Realive","2017-09-29","2017-09-28","http://www.nytimes.com/2017/09/28/movies/realive-review.html","",0,"2 wins & 1 nomination.","N/A","59","5.9"
"316","Rebel in the Rye","2017-09-15","2017-09-07","http://www.nytimes.com/2017/09/07/movies/rebel-in-the-rye-review-jd-salinger.html","PG-13",0,"N/A","$354,363","46","6.6"
"317","Rebels on Pointe","2017-09-15","2017-11-15","http://www.nytimes.com/2017/11/15/movies/rebels-on-pointe-review.html","",0,"1 win & 1 nomination.","$4,809","72","7.7"
"318","Rememory","2017-08-24","2017-09-07","http://www.nytimes.com/2017/09/07/movies/rememory-review-peter-dinklage.html","PG-13",0,"1 nomination.","N/A","48","6.2"
"319","Reset","2017-06-30","2017-06-29","http://www.nytimes.com/2017/06/29/movies/reset-review.html","",0,"1 nomination.","$98,574","N/A","5.2"
"320","Reset","2017-06-30","2017-06-29","http://www.nytimes.com/2017/06/29/movies/reset-review.html","",0,"1 nomination.","$98,574","N/A","5.2"
"321","Reset","2017-01-13","2017-01-12","http://www.nytimes.com/2017/01/12/movies/reset-review-benjamin-millepied.html","",1,"1 nomination.","$98,574","N/A","5.2"
"322","Reset","2017-01-13","2017-01-12","http://www.nytimes.com/2017/01/12/movies/reset-review-benjamin-millepied.html","",1,"1 nomination.","$98,574","N/A","5.2"
"323","Resident Evil: The Final Chapter","2017-01-27","2017-01-26","http://www.nytimes.com/2017/01/26/movies/resident-evil-review-the-final-chapter.html","R",0,"1 win & 3 nominations.","$26,844,692","49","5.6"
"324","Restless Creature: Wendy Whelan","2017-05-24","2017-05-23","http://www.nytimes.com/2017/05/23/movies/restless-creature-review-wendy-whelan.html","",1,"1 nomination.","N/A","87","6.9"
"325","Rings","2017-02-03","2017-02-03","http://www.nytimes.com/2017/02/03/movies/rings-review.html","PG-13",0,"2 wins.","$27,766,716","25","4.5"
"326","Risk","2017-05-05","2017-05-04","http://www.nytimes.com/2017/05/04/movies/risk-review-julian-assange-laura-poitras.html","",0,"4 nominations.","$756","72","6.3"
"327","Rock Dog","2017-02-24","2017-02-23","http://www.nytimes.com/2017/02/23/movies/rock-dog-review.html","PG",0,"2 nominations.","N/A","48","5.9"
"328","Roman J. Israel, Esq.","2017-11-22","2017-11-16","http://www.nytimes.com/2017/11/16/movies/roman-j-israel-review-denzel-washington.html","PG-13",0,"Nominated for 1 Oscar. Another 1 win & 7 nominations.","$11,887,893","58","6.4"
"329","Romeo Is Bleeding","2017-07-19","2017-07-20","http://www.nytimes.com/2017/07/20/movies/review-romeo-is-bleeding-and-shakespeare-is-relevant.html","",0,"2 nominations.","N/A","N/A","6.6"
"330","Rosa Chumbe","2017-12-01","2017-11-30","http://www.nytimes.com/2017/11/30/movies/rosa-chumbe-review.html","",0,"8 wins & 2 nominations.","N/A","N/A","7.1"
"331","Rough Night","2017-06-16","2017-06-15","http://www.nytimes.com/2017/06/15/movies/rough-night-review-scarlett-johansson.html","R",0,"1 win & 1 nomination.","$22,092,592","51","5.2"
"332","Rumble: The Indians Who Rocked The World","2017-07-26","2017-07-25","http://www.nytimes.com/2017/07/25/movies/rumble-the-indians-who-rocked-the-world-review.html","",0,"8 wins & 5 nominations.","&pound;222,370","73","7.9"
"333","Rupture","2017-04-28","2017-04-27","http://www.nytimes.com/2017/04/27/movies/rupture-review.html","",0,"1 win.","N/A","35","4.8"
"334","Santoalla","2017-07-19","2017-07-18","http://www.nytimes.com/2017/07/18/movies/santoalla-review.html","",0,"4 wins & 3 nominations.","N/A","68","6.5"
"335","Saving Banksy","2017-01-13","2017-01-19","http://www.nytimes.com/2017/01/19/movies/saving-banksy-review.html","Not Rated",1,"1 win & 1 nomination.","$47,965","73","6.7"
"336","School Life","2017-09-08","2017-09-07","http://www.nytimes.com/2017/09/07/movies/review-school-life-neasa-ni-chianain-and-david-rane.html","PG-13",0,"2 wins & 4 nominations.","N/A","73","7.5"
"337","Shadowman","2017-12-01","2017-11-30","http://www.nytimes.com/2017/11/30/movies/shadowman-review-richard-hambleton.html","",1,"N/A","N/A","N/A","6.5"
"338","Sidemen: Long Road to Glory","2017-08-18","2017-08-17","http://www.nytimes.com/2017/08/17/movies/sidemen-long-road-to-glory-review.html","",0,"5 wins & 3 nominations.","N/A","70","8.3"
"339","Silence","2017-01-06","2016-12-22","http://www.nytimes.com/2016/12/22/movies/silence-review-martin-scorsese.html","R",0,"Nominated for 1 Oscar. Another 6 wins & 51 nominations.","$7,063,885","79","7.2"
"340","Sins of the Flesh","2017-12-01","2017-11-30","http://www.nytimes.com/2017/11/30/movies/review-in-sins-of-the-flesh-one-prison-replaces-another.html","",0,"1 win.","N/A","N/A","5.1"
"341","Sled Dogs","2017-07-28","2017-07-27","http://www.nytimes.com/2017/07/27/movies/sled-dogs-review.html","",0,"2 wins.","N/A","N/A","N/A"
"342","Sleepless","2017-01-13","2017-01-13","http://www.nytimes.com/2017/01/13/movies/sleepless-review-jamie-foxx.html","R",0,"1 nomination.","$20,757,977","34","5.6"
"343","Snatched","2017-05-12","2017-05-10","http://www.nytimes.com/2017/05/10/movies/snatched-review-goldie-hawn-amy-schumer.html","R",0,"1 win & 2 nominations.","$45,850,343","45","4.4"
"344","Song of Granite","2017-11-15","2017-11-14","http://www.nytimes.com/2017/11/14/movies/song-of-granite-review.html","",0,"1 win & 2 nominations.","$4,230","68","6.6"
"345","Song to Song","2017-03-17","2017-03-16","http://www.nytimes.com/2017/03/16/movies/song-to-song-review-terrence-malick.html","R",1,"8 nominations.","$421,856","54","5.7"
"346","Speech & Debate","2017-04-07","2017-04-06","http://www.nytimes.com/2017/04/06/movies/speech-and-debate-review.html","PG-13",0,"N/A","N/A","46","6.0"
"347","Speed Sisters","2017-01-27","2017-02-09","http://www.nytimes.com/2017/02/09/movies/speed-sisters-review.html","",0,"3 wins & 4 nominations.","$2,753","65","7.1"
"348","Spettacolo","2017-09-06","2017-09-05","http://www.nytimes.com/2017/09/05/movies/review-spettacolo-documentary.html","",0,"3 wins & 3 nominations.","N/A","N/A","7.8"
"349","Spider-Man: Homecoming","2017-07-07","2017-06-29","http://www.nytimes.com/2017/06/29/movies/spider-man-homecoming-review.html","PG-13",0,"4 wins & 9 nominations.","$334,166,825","73","7.5"
"350","Split","2017-01-20","2017-01-19","http://www.nytimes.com/2017/01/19/movies/split-review-m-night-shyamalan.html","PG-13",0,"8 wins & 19 nominations.","$138,120,085","62","7.3"
"351","Star Wars: The Last Jedi","2017-12-15","2017-12-12","http://www.nytimes.com/2017/12/12/movies/star-wars-the-last-jedi-review.html","PG-13",1,"Nominated for 4 Oscars. Another 12 wins & 71 nominations.","$619,117,636","85","7.2"
"352","Staying Vertical","2017-01-20","2017-01-19","http://www.nytimes.com/2017/01/19/movies/staying-vertical-review.html","Not Rated",0,"4 wins & 8 nominations.","$11,747","65","6.2"
"353","Step","2017-08-04","2017-08-03","http://www.nytimes.com/2017/08/03/movies/step-review.html","PG",0,"8 wins & 20 nominations.","$1,137,759","81","6.8"
"354","Strange Weather","2017-07-28","2017-07-27","http://www.nytimes.com/2017/07/27/movies/strange-weather-review-holly-hunter.html","R",0,"2 nominations.","N/A","57","5.8"
"355","Strong Island","2017-09-15","2017-09-14","http://www.nytimes.com/2017/09/14/movies/strong-island-review.html","",0,"Nominated for 1 Oscar. Another 12 wins & 11 nominations.","N/A","86","6.4"
"356","Stronger","2017-09-22","2017-09-21","http://www.nytimes.com/2017/09/21/movies/review-jake-gyllenhaal-as-marathon-victim-in-stronger.html","R",0,"2 wins & 8 nominations.","&pound;4,192,426","76","7.0"
"357","Suburbicon","2017-10-27","2017-10-26","http://www.nytimes.com/2017/10/26/movies/suburbicon-review-george-clooney-matt-damon-julianne-moore.html","R",0,"3 wins & 5 nominations.","N/A","42","5.6"
"358","Sundowners","2017-12-12","2017-12-14","http://www.nytimes.com/2017/12/14/movies/sundowners-review.html","",0,"1 nomination.","N/A","49","6.8"
"359","Super Dark Times","2017-09-29","2017-09-28","http://www.nytimes.com/2017/09/28/movies/super-dark-times-review.html","Not Rated",0,"4 wins & 4 nominations.","$29,759","75","6.6"
"360","Swim Team","2017-07-07","2017-07-06","http://www.nytimes.com/2017/07/06/movies/swim-team-review.html","",0,"5 wins & 1 nomination.","$4,024","72","8.2"
"361","T2 Trainspotting","2017-03-31","2017-03-16","http://www.nytimes.com/2017/03/16/movies/t2-trainspotting-review.html","R",1,"6 wins & 5 nominations.","$2,395,410","67","7.2"
"362","Ta'ang","2017-05-05","2017-05-04","http://www.nytimes.com/2017/05/04/movies/taang-review-wang-bing.html","",0,"N/A","N/A","N/A","7.1"
"363","Table 19","2017-03-03","2017-03-02","http://www.nytimes.com/2017/03/02/movies/table-19-review.html","PG-13",0,"1 nomination.","$3,606,977","40","5.8"
"364","Take Every Wave: The Life of Laird Hamilton","2017-09-29","2017-10-05","http://www.nytimes.com/2017/10/05/movies/review-take-every-wave-the-life-of-laird-hamilton.html","",0,"1 win & 1 nomination.","$41,053","66","7.1"
"365","Take Me","2017-05-05","2017-05-03","http://www.nytimes.com/2017/05/03/movies/take-me-review-taylor-schilling.html","",0,"N/A","$2,583","56","6.1"
"366","Tatara Samurai","2017-06-02","2017-06-01","http://www.nytimes.com/2017/06/01/movies/tatara-samurai-review.html","",0,"1 win.","N/A","N/A","6.3"
"367","Te Ata","2017-10-13","2017-10-12","http://www.nytimes.com/2017/10/12/movies/te-ata-review.html","PG",0,"7 wins.","N/A","51","6.5"
"368","Thank You for Your Service","2017-10-27","2017-10-26","http://www.nytimes.com/2017/10/26/movies/thank-you-for-your-service-review-miles-teller.html","R",0,"1 win.","$9,437,885","68","6.5"
"369","The Age of Consequences","2017-01-27","2017-01-26","http://www.nytimes.com/2017/01/26/movies/the-age-of-consequences-review.html","",0,"5 nominations.","N/A","68","6.9"
"370","The Ardennes","2017-01-06","2017-01-05","http://www.nytimes.com/2017/01/05/movies/the-ardennes-review.html","Not Rated",0,"8 wins & 7 nominations.","N/A","47","6.8"
"371","The Assignment","2017-04-07","2017-04-05","http://www.nytimes.com/2017/04/05/movies/the-assignment-review.html","R",0,"N/A","N/A","N/A","6.9"
"372","The Bad Batch","2017-06-23","2017-06-22","http://www.nytimes.com/2017/06/22/movies/the-bad-batch-review-keanu-reeves.html","R",0,"1 win & 3 nominations.","$180,851","62","5.3"
"373","The Ballad of Lefty Brown","2017-12-15","2017-12-14","http://www.nytimes.com/2017/12/14/movies/review-the-sidekick-as-hero-in-the-ballad-of-lefty-brown.html","R",0,"1 nomination.","N/A","64","6.2"
"374","The Beguiled","2017-06-30","2017-06-22","http://www.nytimes.com/2017/06/22/movies/the-beguiled-review-sofia-coppola.html","R",0,"4 wins & 23 nominations.","$10,542,504","77","6.3"
"375","The Belko Experiment","2017-03-17","2017-03-15","http://www.nytimes.com/2017/03/15/movies/the-belko-experiment-review.html","R",0,"N/A","$10,164,675","44","6.1"
"376","The Big Sick","2017-07-14","2017-06-22","http://www.nytimes.com/2017/06/22/movies/the-big-sick-review-kumail-nanjiani.html","R",1,"Nominated for 1 Oscar. Another 16 wins & 84 nominations.","$42,824,653","86","7.6"
"377","The Black Prince","2017-07-21","2017-07-20","http://www.nytimes.com/2017/07/20/movies/the-black-prince-review.html","PG-13",0,"12 wins.","N/A","26","7.8"
"378","The Book of Henry","2017-06-16","2017-06-15","http://www.nytimes.com/2017/06/15/movies/the-book-of-henry-review-naomi-watts.html","PG-13",0,"1 win & 2 nominations.","$4,219,536","31","6.6"
"379","The Boss Baby","2017-03-31","2017-03-30","http://www.nytimes.com/2017/03/30/movies/the-boss-baby-review-alec-baldwin.html","PG",0,"Nominated for 1 Oscar. Another 1 win & 19 nominations.","$174,996,080","50","6.3"
"380","The Breadwinner","2017-11-17","2017-11-16","http://www.nytimes.com/2017/11/16/movies/the-breadwinner-review.html","PG-13",1,"Nominated for 1 Oscar. Another 12 wins & 41 nominations.","&pound;228,056","78","7.7"
"381","The Bye Bye Man","2017-01-13","2017-01-12","http://www.nytimes.com/2017/01/12/movies/the-bye-bye-man-review.html","PG-13",0,"N/A","$22,377,458","37","4.3"
"382","The Circle","2017-04-28","2017-04-27","http://www.nytimes.com/2017/04/27/movies/the-circle-review-emma-watson-tom-hanks.html","PG-13",0,"1 win & 1 nomination.","$20,476,300","43","5.3"
"383","The Comedian","2017-02-03","2017-02-02","http://www.nytimes.com/2017/02/02/movies/the-comedian-review-robert-de-niro.html","R",0,"1 win.","&pound;1,658,706","40","5.7"
"384","The Commune","2017-05-19","2017-05-18","http://www.nytimes.com/2017/05/18/movies/the-commune-review.html","",0,"5 wins & 18 nominations.","N/A","60","6.4"
"385","The Dancer","2017-12-01","2017-11-30","http://www.nytimes.com/2017/11/30/movies/review-the-dancer-a-glum-biopic-for-a-dynamic-innovator.html","",0,"1 win & 14 nominations.","N/A","44","6.5"
"386","The Dark Tower","2017-08-04","2017-08-03","http://www.nytimes.com/2017/08/03/movies/the-dark-tower-review-idris-elba-matthew-mcconaughey-stephen-king.html","PG-13",0,"3 nominations.","$50,644,837","34","5.7"
"387","The Daughter","2017-01-27","2017-01-26","http://www.nytimes.com/2017/01/26/movies/the-daughter-review.html","",0,"10 wins & 26 nominations.","$26,376","62","6.6"
"388","The Death and Life of Marsha P. Johnson","2017-10-06","2017-10-05","http://www.nytimes.com/2017/10/05/movies/the-death-and-life-of-marsha-p-johnson-review.html","",0,"4 wins & 4 nominations.","N/A","76","7.1"
"389","The Departure","2017-10-13","2017-10-12","http://www.nytimes.com/2017/10/12/movies/the-departure-review.html","",0,"2 wins.","N/A","N/A","6.9"
"390","The Dinner","2017-05-05","2017-05-04","http://www.nytimes.com/2017/05/04/movies/the-dinner-review.html","R",0,"1 nomination.","N/A","57","4.5"
"391","The Disaster Artist","2017-12-08","2017-11-30","http://www.nytimes.com/2017/11/30/movies/the-disaster-artist-review-ames-franco-tommy-wiseau.html","R",0,"Nominated for 1 Oscar. Another 25 wins & 71 nominations.","N/A","76","7.5"
"392","The Divine Order","2017-10-27","2017-10-26","http://www.nytimes.com/2017/10/26/movies/the-divine-order-review.html","",0,"12 wins & 10 nominations.","N/A","67","7.1"
"393","The Emoji Movie","2017-07-28","2017-07-27","http://www.nytimes.com/2017/07/27/movies/the-emoji-movie-review.html","PG",0,"5 wins & 3 nominations.","$86,053,485","12","3.2"
"394","The Exception","2017-06-02","2017-06-01","http://www.nytimes.com/2017/06/01/movies/the-exception-review.html","R",0,"2 nominations.","N/A","60","6.8"
"395","The Farthest","2017-08-11","2017-08-10","http://www.nytimes.com/2017/08/10/movies/review-a-true-life-journey-into-interstellar-space-in-the-farthest.html","",1,"8 wins & 6 nominations.","&pound;13,557","87","8.1"
"396","The Fate of the Furious","2017-04-14","2017-04-12","http://www.nytimes.com/2017/04/12/movies/fate-of-the-furious-review-fast-and-furious-8.html","PG-13",0,"1 win & 9 nominations.","$225,697,400","56","6.7"
"397","The Fencer","2017-07-21","2017-07-20","http://www.nytimes.com/2017/07/20/movies/the-fencer-review.html","",0,"Nominated for 1 Golden Globe. Another 6 wins & 3 nominations.","$91,220","60","7.2"
"398","The Foreigner","2017-10-13","2017-10-12","http://www.nytimes.com/2017/10/12/movies/the-foreigner-review-jackie-chan-pierce-brosnan.html","R",0,"N/A","$33,964,179","55","7.0"
"399","The Founder","2017-01-20","2017-01-19","http://www.nytimes.com/2017/01/19/movies/the-founder-review-michael-keaton-mcdonalds.html","PG-13",0,"1 win & 3 nominations.","$12,785,093","66","7.2"
"400","The Glass Castle","2017-08-11","2017-08-10","http://www.nytimes.com/2017/08/10/movies/review-the-glass-castle.html","PG-13",0,"1 win & 1 nomination.","$17,238,739","56","7.2"
"401","The Good Catholic","2017-09-08","2017-09-07","http://www.nytimes.com/2017/09/07/movies/the-good-catholic-review.html","PG-13",0,"3 wins & 5 nominations.","N/A","46","5.3"
"402","The Great Wall","2017-02-17","2017-02-16","http://www.nytimes.com/2017/02/16/movies/the-great-wall-review-matt-damon.html","PG-13",0,"1 win & 1 nomination.","$45,125,480","42","6.0"
"403","The Greatest Showman","2017-12-20","2017-12-20","http://www.nytimes.com/2017/12/20/movies/the-greatest-showman-review-hugh-jackman.html","PG",0,"Nominated for 1 Oscar. Another 7 wins & 19 nominations.","$164,616,443","48","7.7"
"404","The Hero","2017-06-09","2017-06-08","http://www.nytimes.com/2017/06/08/movies/the-hero-review-sam-elliott.html","R",1,"1 win & 5 nominations.","$4,077,270","61","6.5"
"405","The Hitman's Bodyguard","2017-08-18","2017-08-16","http://www.nytimes.com/2017/08/16/movies/the-hitmans-bodyguard-review.html","R",0,"N/A","$75,020,039","47","6.9"
"406","The House","2017-06-30","2017-06-30","http://www.nytimes.com/2017/06/30/movies/the-house-review-will-ferrell.html","R",0,"1 win.","$25,563,273","30","5.6"
"407","The Incomparable Rose Hartman","2017-06-02","2017-05-31","http://www.nytimes.com/2017/05/31/movies/the-incomparable-rose-hartman-review.html","",0,"1 nomination.","N/A","61","7.2"
"408","The Incredible Jessica James","2017-07-28","2017-07-28","http://www.nytimes.com/2017/07/28/movies/the-incredible-jessica-james-review-netflix.html","",1,"3 nominations.","N/A","72","6.5"
"409","The Island Funeral","2017-02-09","2017-02-09","http://www.nytimes.com/2017/02/09/movies/the-island-funeral-review.html","",0,"3 wins & 4 nominations.","N/A","N/A","6.2"
"410","The Journey","2017-06-16","2017-06-15","http://www.nytimes.com/2017/06/15/movies/the-journey-review.html","PG-13",0,"1 nomination.","N/A","N/A","7.0"
"411","The King's Choice","2017-08-22","2017-09-21","http://www.nytimes.com/2017/09/21/movies/the-kings-choice-review.html","",0,"11 wins & 8 nominations.","&pound;113,231","64","7.2"
"412","The Last Dalai Lama?","2017-07-28","2017-07-27","http://www.nytimes.com/2017/07/27/movies/the-last-dalai-lama-review.html","",0,"N/A","N/A","N/A","N/A"
"413","The Last Face","2017-07-28","2017-07-27","http://www.nytimes.com/2017/07/27/movies/the-last-face-review-charlize-theron-sean-penn.html","R",0,"1 win & 1 nomination.","N/A","16","4.7"
"414","The Last Family","2017-01-26","2018-01-25","http://www.nytimes.com/2018/01/25/movies/the-last-family-review.html","",1,"18 wins & 12 nominations.","N/A","69","7.6"
"415","The Last Word","2017-03-03","2017-03-02","http://www.nytimes.com/2017/03/02/movies/the-last-word-review-shirley-maclaine.html","R",0,"N/A","$1,782,667","40","6.6"
"416","The Layover","2017-08-03","2017-08-31","http://www.nytimes.com/2017/08/31/movies/the-layover-review.html","R",0,"N/A","N/A","15","4.7"
"417","The Lego Batman Movie","2017-02-10","2017-02-08","http://www.nytimes.com/2017/02/08/movies/the-lego-batman-movie-review.html","PG",0,"11 wins & 58 nominations.","$175,686,290","75","7.3"
"418","The Light of the Moon","2017-11-01","2017-10-31","http://www.nytimes.com/2017/10/31/movies/review-the-light-of-the-moon-and-the-trauma-of-rape.html","",0,"3 wins & 8 nominations.","N/A","76","6.2"
"419","The Limehouse Golem","2017-09-08","2017-09-07","http://www.nytimes.com/2017/09/07/movies/the-limehouse-golem-review.html","",0,"3 nominations.","N/A","63","6.3"
"420","The Little Hours","2017-06-30","2017-06-29","http://www.nytimes.com/2017/06/29/movies/the-little-hours-review.html","R",0,"4 nominations.","$1,623,366","69","5.8"
"421","The Lost City of Z","2017-04-14","2017-04-13","http://www.nytimes.com/2017/04/13/movies/the-lost-city-of-z-review-charlie-hunnam.html","PG-13",1,"5 wins & 28 nominations.","$8,554,554","78","6.6"
"422","The Lovers","2017-05-05","2017-05-04","http://www.nytimes.com/2017/05/04/movies/the-lovers-review.html","R",0,"2 wins & 1 nomination.","N/A","N/A","7.3"
"423","The Man Who Invented Christmas","2017-11-22","2017-11-21","http://www.nytimes.com/2017/11/21/movies/review-in-the-man-who-invented-christmas-review-charles-dickens-dan-stevens.html","PG",0,"1 win.","&pound;5,652,908","60","7.0"
"424","The Meyerowitz Stories (New and Selected)","2017-10-13","2017-10-11","http://www.nytimes.com/2017/10/11/movies/the-meyerowitz-stories-review-noah-baumbach.html","",1,"4 wins & 6 nominations.","N/A","79","7.0"
"425","The Midwife","2017-07-21","2017-07-20","http://www.nytimes.com/2017/07/20/movies/the-midwife-review-catherine-deneuve.html","Not Rated",0,"1 nomination.","N/A","66","6.8"
"426","The Mountain Between Us","2017-10-06","2017-10-05","http://www.nytimes.com/2017/10/05/movies/the-mountain-between-us-review-kate-winslet-idris-elba.html","PG-13",0,"2 wins & 1 nomination.","$29,669,726","48","6.4"
"427","The Mummy","2017-06-09","2017-06-07","http://www.nytimes.com/2017/06/07/movies/the-mummy-review-tom-cruise.html","PG-13",0,"Nominated for 1 Oscar. Another 5 wins & 19 nominations.","N/A","48","7.0"
"428","The New Radical","2017-12-01","2017-11-30","http://www.nytimes.com/2017/11/30/movies/the-new-radical-review.html","",0,"1 win & 3 nominations.","N/A","77","7.1"
"429","The Only Living Boy in New York","2017-08-11","2017-08-10","http://www.nytimes.com/2017/08/10/movies/review-the-only-living-boy-in-new-york-jeff-bridges.html","R",0,"N/A","$622,999","33","6.3"
"430","The Ottoman Lieutenant","2017-03-10","2017-03-09","http://www.nytimes.com/2017/03/09/movies/review-the-ottoman-lieutenant.html","R",0,"N/A","$173,750","26","6.7"
"431","The Penguin Counters","2017-04-21","2017-04-20","http://www.nytimes.com/2017/04/20/movies/the-penguin-counters-review.html","",0,"N/A","$976","N/A","N/A"
"432","The Promise","2017-04-21","2017-04-20","http://www.nytimes.com/2017/04/20/movies/the-promise-review-oscar-isaac.html","PG-13",0,"2 wins & 3 nominations.","$8,186,236","49","6.1"
"433","The Pulitzer at 100","2017-07-21","2017-07-20","http://www.nytimes.com/2017/07/20/movies/the-pulitzer-at-100-review.html","",0,"N/A","N/A","43","6.8"
"434","The Queen of Spain","2017-08-18","2017-08-16","http://www.nytimes.com/2017/08/16/movies/the-queen-of-spain-review.html","",0,"7 nominations.","N/A","46","5.1"
"435","The Rape of Recy Taylor","2017-12-15","2017-12-14","http://www.nytimes.com/2017/12/14/movies/the-rape-of-recy-taylor-review.html","",1,"1 win & 5 nominations.","N/A","73","5.6"
"436","The Reagan Show","2017-06-30","2017-06-29","http://www.nytimes.com/2017/06/29/movies/the-reagan-show-review-ronald-reagan.html","",0,"1 win & 5 nominations.","N/A","66","6.3"
"437","The Red Turtle","2017-01-20","2017-01-19","http://www.nytimes.com/2017/01/19/movies/the-red-turtle-review.html","PG",0,"Nominated for 1 Oscar. Another 11 wins & 32 nominations.","$920,057","86","7.5"
"438","The Salesman","2017-01-27","2017-01-26","http://www.nytimes.com/2017/01/26/movies/the-salesman-review-asghar-farhadi.html","PG-13",1,"Won 1 Oscar. Another 9 wins & 19 nominations.","$11,067","85","7.8"
"439","The Sense of an Ending","2017-03-10","2017-03-09","http://www.nytimes.com/2017/03/09/movies/the-sense-of-an-ending-review.html","PG-13",0,"1 win.","&pound;1,235,432","61","6.3"
"440","The Shack","2017-03-03","2017-03-02","http://www.nytimes.com/2017/03/02/movies/the-shack-review-sam-worthington-octavia-spencer.html","PG-13",0,"1 nomination.","$57,330,873","32","6.3"
"441","The Show About the Show","2017-03-10","2017-03-16","http://www.nytimes.com/2017/03/16/movies/the-show-about-the-show-review.html","",0,"N/A","N/A","N/A","9.4"
"442","The Skyjacker's Tale","2017-06-30","2017-06-29","http://www.nytimes.com/2017/06/29/movies/the-skyjackers-tale-review.html","",0,"2 nominations.","$6,253","54","6.0"
"443","The Snowman","2017-10-20","2017-10-19","http://www.nytimes.com/2017/10/19/movies/the-snowman-review-michael-fassbender-jo-nesbo.html","R",0,"1 nomination.","$6,658,715","23","5.1"
"444","The Son of Joseph","2017-01-13","2017-01-12","http://www.nytimes.com/2017/01/12/movies/the-son-of-joseph-review.html","",1,"3 wins & 1 nomination.","$28,753","75","6.6"
"445","The Space Between Us","2017-02-03","2017-02-02","http://www.nytimes.com/2017/02/02/movies/review-the-space-between-us-the-story-of-a-boy-who-fell-to-earth.html","PG-13",0,"4 nominations.","$7,829,766","33","6.4"
"446","The Sunshine Makers","2017-01-13","2017-01-19","http://www.nytimes.com/2017/01/19/movies/the-sunshine-makers-review.html","",0,"1 nomination.","N/A","68","6.9"
"447","The Teacher","2017-08-30","2017-08-29","http://www.nytimes.com/2017/08/29/movies/the-teacher-review-jan-hrebejk.html","Not Rated",0,"8 wins & 14 nominations.","N/A","77","7.3"
"448","The Ticket","2017-04-07","2017-04-06","http://www.nytimes.com/2017/04/06/movies/the-ticket-review.html","Not Rated",0,"1 nomination.","N/A","52","5.3"
"449","The Tiger Hunter","2017-09-22","2017-09-21","http://www.nytimes.com/2017/09/21/movies/the-tiger-hunter-review.html","",0,"N/A","$39,553","66","5.7"
"450","The Tribes of Palos Verdes","2017-12-01","2017-11-30","http://www.nytimes.com/2017/11/30/movies/the-tribes-of-palos-verdes-review-jennifer-garner.html","R",0,"1 win.","N/A","49","5.7"
"451","The Trip to Spain","2017-08-11","2017-08-10","http://www.nytimes.com/2017/08/10/movies/trip-to-spain-review.html","",0,"N/A","$1,120,322","66","6.6"
"452","The Unknown Girl","2017-08-25","2017-09-07","http://www.nytimes.com/2017/09/07/movies/the-unknown-girl-review-dardenne-brothers.html","",1,"1 win & 5 nominations.","$142,332","65","6.5"
"453","The Untamed","2017-07-21","2017-07-20","http://www.nytimes.com/2017/07/20/movies/the-untamed-review.html","",0,"2 wins & 12 nominations.","N/A","72","6.2"
"454","The Villainess","2017-08-25","2017-08-24","http://www.nytimes.com/2017/08/24/movies/the-villainess-review.html","",0,"4 wins & 7 nominations.","$27,442","64","6.7"
"455","The Wall","2017-05-12","2017-05-11","http://www.nytimes.com/2017/05/11/movies/the-wall-review-john-cena-aaron-taylor-johnson.html","R",0,"1 nomination.","$1,803,009","57","6.2"
"456","The Wedding Plan","2017-05-12","2017-05-11","http://www.nytimes.com/2017/05/11/movies/the-wedding-plan-review.html","PG",1,"4 wins & 8 nominations.","N/A","72","6.6"
"457","The Woman Who Left","2017-05-19","2017-05-18","http://www.nytimes.com/2017/05/18/movies/the-woman-who-left-review-lav-diaz.html","",1,"3 wins & 24 nominations.","N/A","83","7.8"
"458","The Women's Balcony","2017-05-26","2017-05-25","http://www.nytimes.com/2017/05/25/movies/the-womens-balcony-review.html","",1,"5 nominations.","$1,187,629","74","6.6"
"459","The Wrong Light","2017-07-14","2017-07-13","http://www.nytimes.com/2017/07/13/movies/the-wrong-light-review.html","",0,"N/A","N/A","54","8.1"
"460","The Zookeeper's Wife","2017-03-31","2017-03-29","http://www.nytimes.com/2017/03/29/movies/the-zookeepers-wife-review-jessica-chastain.html","PG-13",0,"2 wins & 3 nominations.","$17,407,536","57","7.0"
"461","Their Finest","2017-04-07","2017-04-06","http://www.nytimes.com/2017/04/06/movies/their-finest-review.html","R",0,"1 win & 6 nominations.","$3,595,841","76","6.8"
"462","This Is Everything: Gigi Gorgeous","2017-02-03","2017-02-02","http://www.nytimes.com/2017/02/02/movies/this-is-everything-gigi-gorgeous-review.html","",0,"2 wins & 3 nominations.","N/A","61","6.6"
"463","This Time Tomorrow","2017-08-04","2017-08-03","http://www.nytimes.com/2017/08/03/movies/this-time-tomorrow-review.html","",0,"2 nominations.","N/A","N/A","5.9"
"464","Thor: Ragnarok","2017-11-03","2017-11-01","http://www.nytimes.com/2017/11/01/movies/thor-ragnarok-review-chris-hemsworth.html","PG-13",0,"5 wins & 30 nominations.","$314,971,245","74","7.9"
"465","Three Billboards Outside Ebbing, Missouri","2017-11-10","2017-11-08","http://www.nytimes.com/2017/11/08/movies/review-three-billboards-outside-ebbing-missouri-martin-mcdonagh.html","R",0,"Won 2 Oscars. Another 104 wins & 193 nominations.","$52,000,189","88","8.2"
"466","Thy Father's Chair","2017-10-13","2017-10-12","http://www.nytimes.com/2017/10/12/movies/thy-fathers-chair-review.html","",1,"1 win & 5 nominations.","N/A","N/A","7.2"
"467","Tommy's Honour","2017-04-14","2017-04-13","http://www.nytimes.com/2017/04/13/movies/tommys-honour-review.html","PG",0,"1 win & 2 nominations.","$561,963","56","6.1"
"468","Tomorrow","2017-04-14","2017-04-19","http://www.nytimes.com/2017/04/19/movies/tomorrow-review.html","",1,"1 win & 1 nomination.","N/A","71","8.1"
"469","Tracktown","2017-05-12","2017-05-11","http://www.nytimes.com/2017/05/11/movies/tracktown-review.html","",0,"1 nomination.","N/A","64","5.7"
"470","Tragedy Girls","2017-10-20","2017-10-19","http://www.nytimes.com/2017/10/19/movies/tragedy-girls-review.html","R",0,"8 wins & 3 nominations.","$58,016","58","6.0"
"471","Transformers: The Last Knight","2017-06-21","2017-06-20","http://www.nytimes.com/2017/06/20/movies/transformers-the-last-knight-review.html","PG-13",0,"16 nominations.","$130,104,634","27","5.2"
"472","Trophy","2017-09-08","2017-09-07","http://www.nytimes.com/2017/09/07/movies/trophy-review.html","",1,"1 win & 6 nominations.","&pound;19,744","80","7.4"
"473","Tulip Fever","2017-09-01","2017-09-01","http://www.nytimes.com/2017/09/01/movies/tulip-fever-review-alicia-vikander.html","R",0,"1 nomination.","$2,399,374","38","6.2"
"474","Turn It Around: The Story of East Bay Punk","2017-05-31","2017-07-27","http://www.nytimes.com/2017/07/27/movies/turn-it-around-the-story-of-east-bay-punk-review.html","",0,"N/A","$53,735","N/A","8.7"
"475","Underworld: Blood Wars","2017-01-06","2017-01-06","http://www.nytimes.com/2017/01/06/movies/underworld-blood-wars-review.html","R",0,"N/A","$30,348,260","23","5.8"
"476","Unlocked","2017-09-01","2017-08-31","http://www.nytimes.com/2017/08/31/movies/unlocked-review-noomi-rapace.html","R",0,"N/A","N/A","46","6.2"
"477","Unrest","2017-09-22","2017-09-21","http://www.nytimes.com/2017/09/21/movies/unrest-review.html","",0,"4 wins & 1 nomination.","N/A","N/A","5.0"
"478","Urban Hymn","2017-05-12","2017-05-10","http://www.nytimes.com/2017/05/10/movies/urban-hymn-review.html","",1,"3 wins & 1 nomination.","N/A","51","6.2"
"479","Valerian","2017-07-21","2017-07-20","http://www.nytimes.com/2017/07/20/movies/valerian-and-the-city-of-a-thousand-planets-review.html","PG-13",0,"N/A","N/A","N/A","N/A"
"480","Viceroy's House","2017-09-01","2017-08-31","http://www.nytimes.com/2017/08/31/movies/viceroys-house-review.html","",0,"1 win.","&pound;1,014,067","53","6.6"
"481","Vincent N Roxxy","2017-06-02","2017-06-01","http://www.nytimes.com/2017/06/01/movies/vincent-n-roxxy-review.html","R",0,"N/A","N/A","43","5.5"
"482","Voyeur","2017-12-01","2017-11-30","http://www.nytimes.com/2017/11/30/movies/voyeur-review-gay-talese.html","",0,"N/A","N/A","59","6.2"
"483","Wait for Your Laugh","2017-11-01","2017-11-02","http://www.nytimes.com/2017/11/02/movies/wait-for-your-laugh-review-gilbert-gottfried-rose-marie.html","",0,"1 win.","N/A","70","8.3"
"484","Wakefield","2017-05-19","2017-05-17","http://www.nytimes.com/2017/05/17/movies/wakefield-review-bryan-cranston.html","R",0,"1 win & 1 nomination.","N/A","62","6.3"
"485","Walking Out","2017-10-06","2017-10-05","http://www.nytimes.com/2017/10/05/movies/walking-out-review-matt-bomer.html","PG-13",0,"1 win & 2 nominations.","$101,947","79","5.8"
"486","War for the Planet of the Apes","2017-07-14","2017-07-12","http://www.nytimes.com/2017/07/12/movies/war-for-the-planet-of-the-apes-review.html","PG-13",1,"Nominated for 1 Oscar. Another 22 wins & 46 nominations.","$146,872,826","82","7.5"
"487","War Machine","2017-05-26","2017-05-25","http://www.nytimes.com/2017/05/25/movies/war-machine-review-brad-pitt.html","",0,"2 nominations.","N/A","56","6.0"
"488","Water and Sugar: Carlo Di Palma, the Colours of Life","2017-07-28","2017-07-27","http://www.nytimes.com/2017/07/27/movies/water-and-sugar-review-carlo-di-palma.html","",0,"2 nominations.","N/A","65","8.0"
"489","We Are the Flesh","2017-01-20","2017-01-19","http://www.nytimes.com/2017/01/19/movies/we-are-the-flesh-review.html","Not Rated",0,"4 wins & 6 nominations.","N/A","62","4.7"
"490","Wet Woman in the Wind","2017-11-17","2017-11-16","http://www.nytimes.com/2017/11/16/movies/wet-woman-in-the-wind-review.html","",0,"1 nomination.","N/A","59","6.2"
"491","Whisky Galore","2017-05-12","2017-05-11","http://www.nytimes.com/2017/05/11/movies/whisky-galore-review-eddie-izzard.html","",0,"Nominated for 1 BAFTA Film Award. Another 1 win.","N/A","N/A","7.3"
"492","Who's Crazy?","2017-03-10","2017-03-09","http://www.nytimes.com/2017/03/09/movies/whos-crazy-review.html","",0,"N/A","$3,045","77","6.5"
"493","Whose Streets?","2017-08-11","2017-08-10","http://www.nytimes.com/2017/08/10/movies/whose-streets-review.html","R",0,"1 win & 16 nominations.","$180,214","81","4.9"
"494","Wilde Salom","2017-04-01","2018-03-29","http://www.nytimes.com/2018/03/29/movies/wilde-salome-review-al-pacino.html","R",1,"1 win & 1 nomination.","N/A","N/A","6.8"
"495","Wilson","2017-03-24","2017-03-22","http://www.nytimes.com/2017/03/22/movies/wilson-review-with-woody-harrelson.html","R",0,"1 nomination.","$652,997","49","5.8"
"496","Wind River","2017-08-04","2017-08-03","http://www.nytimes.com/2017/08/03/movies/wind-river-review-jeremy-renner-elizabeth-olsen.html","R",1,"8 wins & 18 nominations.","$33,782,714","73","7.8"
"497","Window Horses: The Poetic Persian Epiphany of Rosie Ming","2017-11-10","2017-11-09","http://www.nytimes.com/2017/11/09/movies/window-horses-review.html","",1,"10 wins & 10 nominations.","N/A","82","6.8"
"498","Wish Upon","2017-07-14","2017-07-13","http://www.nytimes.com/2017/07/13/movies/wish-upon-review.html","PG-13",0,"N/A","$14,301,001","32","5.1"
"499","Wolves","2017-03-03","2017-03-01","http://www.nytimes.com/2017/03/01/movies/wolves-review.html","",0,"N/A","N/A","37","5.3"
"500","Women Who Kill","2017-07-26","2017-07-25","http://www.nytimes.com/2017/07/25/movies/women-who-kill-review.html","",0,"N/A","N/A","N/A","5.6"
"501","Wonder","2017-11-17","2017-11-16","http://www.nytimes.com/2017/11/16/movies/wonder-review-jacob-tremblay-julia-roberts-owen-wilson.html","PG",1,"Nominated for 1 Oscar. Another 2 wins & 21 nominations.","$132,090,170","66","8.0"
"502","Wonder Wheel","2017-12-01","2017-11-30","http://www.nytimes.com/2017/11/30/movies/woody-allen-wonder-wheel-kate-winslet-review.html","PG-13",0,"3 wins & 4 nominations.","N/A","45","6.2"
"503","Wonder Woman","2017-06-02","2017-05-31","http://www.nytimes.com/2017/05/31/movies/wonder-woman-review-gal-gadot.html","PG-13",1,"17 wins & 54 nominations.","$412,400,625","76","7.5"
"504","Wonderstruck","2017-10-20","2017-10-19","http://www.nytimes.com/2017/10/19/movies/wonderstruck-review-todd-haynes.html","PG",1,"1 win & 27 nominations.","$976,561","71","6.2"
"505","Woodshock","2017-09-22","2017-09-19","http://www.nytimes.com/2017/09/19/movies/review-woodshock-grieving-among-the-redwoods.html","R",0,"N/A","$41,126","39","4.3"
"506","Year by the Sea","2017-09-08","2017-09-07","http://www.nytimes.com/2017/09/07/movies/year-by-the-sea-review.html","Not Rated",0,"18 wins & 2 nominations.","N/A","43","5.7"
"507","Your Name","2017-04-07","2017-04-06","http://www.nytimes.com/2017/04/06/movies/your-name-review.html","PG",1,"N/A","N/A","N/A","8.9"
