Rank,Title,Studio,Worldwide,Domestic,Domestic.Perc,Overseas,Overseas.Perc,Year
1,Avatar,Fox,2788,760.5,27.3,2027.5,72.7,2009
2,Titanic,Par.,2187.5,659.4,30.1,1528.1,69.9,1997
3,Star Wars: The Force Awakens,BV,2068.2,936.7,45.3,1131.6,54.7,2015
4,Avengers: Infinity War,BV,2046.7,678.8,33.2,1367.9,66.8,2018
5,Jurassic World,Uni.,1671.7,652.3,39,1019.4,61,2015
6,Marvel's The Avengers,BV,1518.8,623.4,41,895.5,59,2012
7,Furious 7,Uni.,1516,353,23.3,1163,76.7,2015
8,Avengers: Age of Ultron,BV,1405.4,459,32.7,946.4,67.3,2015
9,Black Panther,BV,1346.9,700.1,52,646.9,48,2018
10,Harry Potter and the Deathly Hallows Part 2,WB,1341.5,381,28.4,960.5,71.6,2011
11,Star Wars: The Last Jedi,BV,1332.5,620.2,46.5,712.4,53.5,2017
12,Jurassic World: Fallen Kingdom,Uni.,1304.9,416.8,31.9,888.2,68.1,2018
13,Frozen,BV,1276.5,400.7,31.4,875.7,68.6,2013
14,Beauty and the Beast (2017),BV,1263.5,504,39.9,759.5,60.1,2017
15,Incredibles 2,BV,1238.4,608.2,49.1,630.3,50.9,2018
16,The Fate of the Furious,Uni.,1236,226,18.3,1010,81.7,2017
17,Iron Man 3,BV,1214.8,409,33.7,805.8,66.3,2013
18,Minions,Uni.,1159.4,336,29,823.4,71,2015
19,Captain America: Civil War,BV,1153.3,408.1,35.4,745.2,64.6,2016
20,Transformers: Dark of the Moon,P/DW,1123.8,352.4,31.4,771.4,68.6,2011
21,The Lord of the Rings: The Return of the King,NL,1119.9,377.8,33.7,742.1,66.3,2003
22,Skyfall,Sony,1108.6,304.4,27.5,804.2,72.5,2012
23,Transformers: Age of Extinction,Par.,1104.1,245.4,22.2,858.6,77.8,2014
24,The Dark Knight Rises,WB,1084.9,448.1,41.3,636.8,58.7,2012
25,Toy Story 3,BV,1067,415,38.9,652,61.1,2010
26,Pirates of the Caribbean: Dead Man's Chest,BV,1066.2,423.3,39.7,642.9,60.3,2006
27,Rogue One: A Star Wars Story,BV,1056.1,532.2,50.4,523.9,49.6,2016
28,Pirates of the Caribbean: On Stranger Tides,BV,1045.7,241.1,23.1,804.6,76.9,2011
29,Despicable Me 3,Uni.,1034.8,264.6,25.6,770.2,74.4,2017
30,Jurassic Park,Uni.,1029.2,402.5,39.1,626.7,60.9,1993
31,Finding Dory,BV,1028.6,486.3,47.3,542.3,52.7,2016
32,Star Wars: Episode I - The Phantom Menace,Fox,1027,474.5,46.2,552.5,53.8,1999
33,Alice in Wonderland (2010),BV,1025.5,334.2,32.6,691.3,67.4,2010
34,Zootopia,BV,1023.8,341.3,33.3,682.5,66.7,2016
35,The Hobbit: An Unexpected Journey,WB (NL),1021.1,303,29.7,718.1,70.3,2012
36,The Dark Knight,WB,1004.6,534.9,53.2,469.7,46.8,2008
37,Harry Potter and the Sorcerer's Stone,WB,974.8,317.6,32.6,657.2,67.4,2001
38,Despicable Me 2,Uni.,970.8,368.1,37.9,602.7,62.1,2013
39,The Lion King,BV,968.5,422.8,43.7,545.7,56.3,1994
40,The Jungle Book (2016),BV,966.6,364,37.7,602.5,62.3,2016
41,Pirates of the Caribbean: At World's End,BV,963.4,309.4,32.1,654,67.9,2007
42,Jumanji: Welcome to the Jungle,Sony,962.1,404.5,42,557.6,58,2017
43,Harry Potter and the Deathly Hallows Part 1,WB,960.3,296,30.8,664.3,69.2,2010
44,The Hobbit: The Desolation of Smaug,WB (NL),958.4,258.4,27,700,73,2013
45,The Hobbit: The Battle of the Five Armies,WB (NL),956,255.1,26.7,700.9,73.3,2014
46,Finding Nemo,BV,940.3,380.8,40.5,559.5,59.5,2003
47,Harry Potter and the Order of the Phoenix,WB,939.9,292,31.1,647.9,68.9,2007
48,Harry Potter and the Half-Blood Prince,WB,934.4,302,32.3,632.5,67.7,2009
49,The Lord of the Rings: The Two Towers,NL,926,342.6,37,583.5,63,2002
50,Shrek 2,DW,919.8,441.2,48,478.6,52,2004
51,Harry Potter and the Goblet of Fire,WB,896.9,290,32.3,606.9,67.7,2005
52,Spider-Man 3,Sony,890.9,336.5,37.8,554.3,62.2,2007
53,Ice Age: Dawn of the Dinosaurs,Fox,886.7,196.6,22.2,690.1,77.8,2009
54,Spectre,Sony,880.7,200.1,22.7,680.6,77.3,2015
55,Spider-Man: Homecoming,Sony,880.2,334.2,38,546,62,2017
56,Harry Potter and the Chamber of Secrets,WB,879,262,29.8,617,70.2,2002
57,Ice Age: Continental Drift,Fox,877.2,161.3,18.4,715.9,81.6,2012
58,The Secret Life of Pets,Uni.,875.5,368.4,42.1,507.1,57.9,2016
59,Batman v Superman: Dawn of Justice,WB,873.6,330.4,37.8,543.3,62.2,2016
60,The Lord of the Rings: The Fellowship of the Ring,NL,871.5,315.5,36.2,556,63.8,2001
61,Wolf Warrior 2,HC,870.3,2.7,0.3,867.6,99.7,2017
62,The Hunger Games: Catching Fire,LGF,865,424.7,49.1,440.3,50.9,2013
63,Guardians of the Galaxy Vol. 2,BV,863.8,389.8,45.1,473.9,54.9,2017
64,Inside Out,BV,857.6,356.5,41.6,501.1,58.4,2015
65,Thor: Ragnarok,BV,854,315.1,36.9,538.9,63.1,2017
66,Star Wars: Episode III - Revenge of the Sith,Fox,848.8,380.3,44.8,468.5,55.2,2005
67,Transformers: Revenge of the Fallen,P/DW,836.3,402.1,48.1,434.2,51.9,2009
68,The Twilight Saga: Breaking Dawn Part 2,LG/S,829.7,292.3,35.2,537.4,64.8,2012
69,Inception,WB,828.3,292.6,35.3,535.7,64.7,2010
70,Wonder Woman,WB,821.8,412.6,50.2,409.3,49.8,2017
71,Spider-Man,Sony,821.7,403.7,49.1,418,50.9,2002
72,Independence Day,Fox,817.4,306.2,37.5,511.2,62.5,1996
73,Fantastic Beasts and Where To Find Them,WB,814,234,28.8,580,71.2,2016
74,Coco,BV,807.1,209.7,26,597.4,74,2017
75,Shrek the Third,P/DW,799,322.7,40.4,476.2,59.6,2007
76,Harry Potter and the Prisoner of Azkaban,WB,796.7,249.5,31.3,547.1,68.7,2004
77,Pirates of the Caribbean: Dead Men Tell No Tales,BV,794.9,172.6,21.7,622.3,78.3,2017
78,E.T.: The Extra-Terrestrial,Uni.,792.9,435.1,54.9,357.8,45.1,1982
79,Mission: Impossible - Fallout,Par.,791,220.2,27.8,570.9,72.2,2018
80,Fast & Furious 6,Uni.,788.7,238.7,30.3,550,69.7,2013
81,Indiana Jones and the Kingdom of the Crystal Skull,Par.,786.6,317.1,40.3,469.5,59.7,2008
82,Spider-Man 2,Sony,783.8,373.6,47.7,410.2,52.3,2004
83,Deadpool,Fox,783.1,363.1,46.4,420,53.6,2016
84,Star Wars,Fox,775.4,461,59.5,314.4,40.5,1977
85,Guardians of the Galaxy,BV,773.3,333.2,43.1,440.2,56.9,2014
86,2012,Sony,769.7,166.1,21.6,603.6,78.4,2009
87,Maleficent,BV,758.5,241.4,31.8,517.1,68.2,2014
88,The Da Vinci Code,Sony,758.2,217.5,28.7,540.7,71.3,2006
89,The Amazing Spider-Man,Sony,757.9,262,34.6,495.9,65.4,2012
90,The Hunger Games: Mockingjay - Part 1,LGF,755.4,337.1,44.6,418.2,55.4,2014
91,Shrek Forever After,P/DW,752.6,238.7,31.7,513.9,68.3,2010
92,X-Men: Days of Future Past,Fox,747.9,233.9,31.3,513.9,68.7,2014
93,Madagascar 3: Europe's Most Wanted,P/DW,746.9,216.4,29,530.5,71,2012
94,Suicide Squad,WB,746.8,325.1,43.5,421.7,56.5,2016
95,"The Chronicles of Narnia: The Lion, the Witch and the Wardrobe",BV,745,291.7,39.2,453.3,60.8,2005
96,Monsters University,BV,744.2,268.5,36.1,475.7,63.9,2013
97,The Matrix Reloaded,WB,742.1,281.6,37.9,460.6,62.1,2003
98,Up,BV,735.1,293,39.9,442.1,60.1,2009
99,Deadpool 2,Fox,734.2,318.5,43.4,415.8,56.6,2018
100,Gravity,WB,723.2,274.1,37.9,449.1,62.1,2013
101,Captain America: The Winter Soldier,BV,714.3,259.8,36.4,454.5,63.6,2014
102,The Twilight Saga: Breaking Dawn Part 1,Sum.,712.2,281.3,39.5,430.9,60.5,2011
103,Dawn of the Planet of the Apes,Fox,710.6,208.5,29.3,502.1,70.7,2014
104,The Twilight Saga: New Moon,Sum.,709.7,296.6,41.8,413.1,58.2,2009
105,Transformers,P/DW,709.7,319.2,45,390.5,55,2007
106,The Amazing Spider-Man 2,Sony,709,202.9,28.6,506.1,71.4,2014
107,It,WB (NL),700.4,327.5,46.8,372.9,53.2,2017
108,The Twilight Saga: Eclipse,Sum.,698.5,300.5,43,398,57,2010
109,Mission: Impossible - Ghost Protocol,Par.,694.7,209.4,30.1,485.3,69.9,2011
110,The Hunger Games,LGF,694.4,408,58.8,286.4,41.2,2012
111,Mission: Impossible - Rogue Nation,Par.,682.7,195,28.6,487.7,71.4,2015
112,Forrest Gump,Par.,677.9,330.3,48.7,347.7,51.3,1994
113,Doctor Strange,BV,677.7,232.6,34.3,445.1,65.7,2016
114,Interstellar,Par.,677.5,188,27.8,489.4,72.2,2014
115,The Sixth Sense,BV,672.8,293.5,43.6,379.3,56.4,1999
116,Man of Steel,WB,668,291,43.6,377,56.4,2013
117,Kung Fu Panda 2,P/DW,665.7,165.2,24.8,500.4,75.2,2011
118,Ice Age: The Meltdown,Fox,660.9,195.3,29.6,465.6,70.4,2006
119,Justice League,WB,657.9,229,34.8,428.9,65.2,2017
120,Big Hero 6,BV,657.8,222.5,33.8,435.3,66.2,2014
121,Pirates of the Caribbean: The Curse of the Black Pearl,BV,654.3,305.4,46.7,348.9,53.3,2003
122,The Hunger Games: Mockingjay - Part 2,LGF,653.4,281.7,43.1,371.7,56.9,2015
123,Star Wars: Episode II - Attack of the Clones,Fox,649.4,310.7,47.8,338.7,52.2,2002
124,Thor: The Dark World,BV,644.6,206.4,32,438.2,68,2013
125,Moana,BV,643.3,248.8,38.7,394.6,61.3,2016
126,Sing,Uni.,634.2,270.4,42.6,363.8,57.4,2016
127,The Incredibles,BV,633,261.4,41.3,371.6,58.7,2004
128,Kung Fu Panda,P/DW,631.7,215.4,34.1,416.3,65.9,2008
129,The Martian,Fox,630.2,228.4,36.2,401.7,63.8,2015
130,Fast Five,Uni.,626.1,209.8,33.5,416.3,66.5,2011
131,Hancock,Sony,624.4,227.9,36.5,396.4,63.5,2008
132,MIB 3,Sony,624,179,28.7,445,71.3,2012
133,Iron Man 2,Par.,623.9,312.4,50.1,311.5,49.9,2010
134,Ant-Man and the Wasp,BV,622.5,216.6,34.8,405.8,65.2,2018
135,How to Train Your Dragon 2,Fox,621.5,177,28.5,444.5,71.5,2014
136,Ratatouille,BV,620.7,206.4,33.3,414.3,66.7,2007
137,Logan (2017),Fox,619,226.3,36.6,392.7,63.4,2017
138,The Lost World: Jurassic Park,Uni.,618.6,229.1,37,389.6,63,1997
139,The Passion of the Christ,NM,611.9,370.8,60.6,241.1,39.4,2004
140,Mamma Mia!,Uni.,609.9,144.2,23.6,465.7,76.4,2008
141,Life of Pi,Fox,609,125,20.5,484,79.5,2012
142,Transformers: The Last Knight,Par.,605.4,130.2,21.5,475.3,78.5,2017
143,Madagascar: Escape 2 Africa,P/DW,603.9,180,29.8,423.9,70.2,2008
144,Casino Royale,Sony,599,167.4,28,431.6,72,2006
145,Tangled,BV,591.8,200.8,33.9,391,66.1,2010
146,War of the Worlds,Par.,591.7,234.3,39.6,357.5,60.4,2005
147,Men in Black,Sony,589.4,250.7,42.5,338.7,57.5,1997
148,The Croods,Fox,587.2,187.2,31.9,400,68.1,2013
149,The Hangover Part II,WB,586.8,254.5,43.4,332.3,56.6,2011
150,Quantum of Solace,Sony,586.1,168.4,28.7,417.7,71.3,2008
151,I Am Legend,WB,585.3,256.4,43.8,329,56.2,2007
152,Iron Man,Par.,585.2,318.4,54.4,266.8,45.6,2008
153,Ready Player One,WB,582.2,137,23.5,445.2,76.5,2018
154,Operation Red Sea,WGUSA,579.2,1.5,0.3,577.7,99.7,2018
155,"Monsters, Inc.",BV,577.4,289.9,50.2,287.5,49.8,2001
156,Night at the Museum,Fox,574.5,250.9,43.7,323.6,56.3,2006
157,Fifty Shades of Grey,Uni.,571,166.2,29.1,404.8,70.9,2015
158,Kong: Skull Island,WB,566.7,168.1,29.7,398.6,70.3,2017
159,The Smurfs,Sony,563.7,142.6,25.3,421.1,74.7,2011
160,Cars 2,BV,562.1,191.5,34.1,370.7,65.9,2011
161,Puss in Boots,P/DW,555,149.3,26.9,405.7,73.1,2011
162,The Mermaid (Mei ren yu),Sony,553.8,3.2,0.6,550.6,99.4,2016
163,Armageddon,BV,553.7,201.6,36.4,352.1,63.6,1998
164,King Kong,Uni.,550.5,218.1,39.6,332.4,60.4,2005
165,Ted,Uni.,549.4,218.8,39.8,330.6,60.2,2012
166,American Sniper,WB,547.4,350.1,64,197.3,36,2014
167,Venom (2018),Sony,547.1,202.7,37,344.4,63,2018
168,Mission: Impossible II,Par.,546.4,215.4,39.4,331,60.6,2e3
169,Sherlock Holmes: A Game of Shadows,WB,545.4,186.8,34.3,358.6,65.7,2011
170,The Day After Tomorrow,Fox,544.3,186.7,34.3,357.5,65.7,2004
171,Detective Chinatown 2,WB,544.1,2,0.4,542.1,99.6,2018
172,X-Men: Apocalypse,Fox,543.9,155.4,28.6,388.5,71.4,2016
173,Cinderella (2015),BV,543.5,201.2,37,342.4,63,2015
174,Despicable Me,Uni.,543.1,251.5,46.3,291.6,53.7,2010
175,Brave,BV,540.4,237.3,43.9,303.2,56.1,2012
176,World War Z,Par.,540,202.4,37.5,337.6,62.5,2013
177,The Empire Strikes Back,Fox,538.4,290.5,54,247.9,46,1980
178,WALL-E,BV,533.3,223.8,42,309.5,58,2008
179,The Revenant,Fox,533,183.6,34.5,349.3,65.5,2015
180,Madagascar,DW,532.7,193.6,36.3,339.1,63.7,2005
181,Godzilla (2014),WB,529.1,200.7,37.9,328.4,62.1,2014
182,The Boss Baby,Fox,528,175,33.1,353,66.9,2017
183,The Meg,WB,527.8,143,27.1,384.8,72.9,2018
184,Dunkirk,WB,527.3,190.1,36,337.2,64,2017
185,The Simpsons Movie,Fox,527.1,183.1,34.7,343.9,65.3,2007
186,Hotel Transylvania 3: Summer Vacation,Sony,525,167.4,31.9,357.6,68.1,2018
187,Sherlock Holmes,WB,524,209,39.9,315,60.1,2009
188,Kung Fu Panda 3,Fox,521.2,143.5,27.5,377.6,72.5,2016
189,Terminator 2: Judgment Day,TriS,520.9,205.9,39.5,315,60.5,1991
190,Ant-Man,BV,519.3,180.2,34.7,339.1,65.3,2015
191,Meet the Fockers,Uni.,516.6,279.3,54.1,237.4,45.9,2004
192,Ghost,Par.,505.7,217.6,43,288.1,57,1990
193,Aladdin,BV,504.1,217.4,43.1,286.7,56.9,1992
194,Rio 2,Fox,500.1,131.5,26.3,368.6,73.7,2014
195,Troy,WB,497.4,133.4,26.8,364,73.2,2004
196,Toy Story 2,BV,497.4,245.9,49.4,251.5,50.6,1999
197,How to Train Your Dragon,P/DW,494.9,217.6,44,277.3,56,2010
198,Twister,WB,494.5,241.7,48.9,252.8,51.1,1996
199,Teenage Mutant Ninja Turtles (2014),Par.,493.3,191.2,38.8,302.1,61.2,2014
200,Oz The Great and Powerful,BV,493.3,234.9,47.6,258.4,52.4,2013
201,Clash of the Titans (2010),WB,493.2,163.2,33.1,330,66.9,2010
202,War for the Planet of the Apes,Fox,490.7,146.9,29.9,343.8,70.1,2017
203,Angels & Demons,Sony,485.9,133.4,27.4,352.6,72.6,2009
204,Rio,Fox,484.6,143.6,29.6,341,70.4,2011
205,Bruce Almighty,Uni.,484.6,242.8,50.1,241.8,49.9,2003
206,Shrek,DW,484.4,267.7,55.3,216.7,44.7,2001
207,Saving Private Ryan,DW,481.8,216.5,44.9,265.3,55.1,1998
208,Rise of the Planet of the Apes,Fox,481.8,176.8,36.7,305,63.3,2011
209,Mr. & Mrs. Smith,Fox,478.2,186.3,39,291.9,61,2005
210,Home Alone,Fox,476.7,285.8,59.9,190.9,40.1,1990
211,Return of the Jedi,Fox,475.1,309.3,65.1,165.8,34.9,1983
212,Charlie and the Chocolate Factory,WB,475,206.5,43.5,268.5,56.5,2005
213,Hotel Transylvania 2,Sony,474.8,169.7,35.7,305.1,64.3,2015
214,Indiana Jones and the Last Crusade,Par.,474.2,197.2,41.6,277,58.4,1989
215,San Andreas,WB (NL),474,155.2,32.7,318.8,67.3,2015
216,Wreck-It Ralph,BV,471.2,189.4,40.2,281.8,59.8,2012
217,Jaws,Uni.,470.7,260,55.2,210.7,44.8,1975
218,The LEGO Movie,WB,469.2,257.8,54.9,211.4,45.1,2014
219,The Hangover,WB,467.5,277.3,59.3,190.2,40.7,2009
220,Star Trek Into Darkness,Par.,467.4,228.8,48.9,238.6,51.1,2013
221,The Matrix,WB,463.5,171.5,37,292,63,1999
222,Pretty Woman,BV,463.4,178.4,38.5,285,61.5,1990
223,Lucy,Uni.,463.4,126.7,27.3,336.7,72.7,2014
224,Cars,BV,462.2,244.1,52.8,218.1,47.2,2006
225,Gladiator,DW,460.6,187.7,40.8,272.9,59.2,2e3
226,X-Men: The Last Stand,Fox,459.4,234.4,51,225,49,2006
227,Mission: Impossible,Par.,457.7,181,39.5,276.7,60.5,1996
228,National Treasure: Book of Secrets,BV,457.4,220,48.1,237.4,51.9,2007
229,The Last Samurai,WB,456.8,111.1,24.3,345.6,75.7,2003
230,300,WB,456.1,210.6,46.2,245.5,53.8,2007
231,Ocean's Eleven,WB,450.7,183.4,40.7,267.3,59.3,2001
232,Thor,Par.,449.3,181,40.3,268.3,59.7,2011
233,Pearl Harbor,BV,449.2,198.5,44.2,250.7,55.8,2001
234,Tarzan,BV,448.2,171.1,38.2,277.1,61.8,1999
235,La La Land,LG/S,446.1,151.1,33.9,295,66.1,2016
236,Alvin and the Chipmunks: The Squeakquel,Fox,443.1,219.6,49.6,223.5,50.4,2009
237,The Bourne Ultimatum,Uni.,442.8,227.5,51.4,215.4,48.6,2007
238,Men in Black II,Sony,441.8,190.4,43.1,251.4,56.9,2002
239,Les Miserables (2012),Uni.,441.8,148.8,33.7,293,66.3,2012
240,The Exorcist,WB,441.3,232.9,52.8,208.4,47.2,1973
241,Mrs. Doubtfire,Fox,441.3,219.2,49.7,222.1,50.3,1993
242,Terminator: Genisys,Par.,440.6,89.8,20.4,350.8,79.6,2015
243,The Greatest Showman,Fox,435,174.3,40.1,260.7,59.9,2017
244,Warcraft,Uni.,433.7,47.4,10.9,386.3,89.1,2016
245,Terminator 3: Rise of the Machines,WB,433.4,150.4,34.7,283,65.3,2003
246,The Mummy Returns,Uni.,433,202,46.7,231,53.3,2001
247,Die Another Day,MGM,432,160.9,37.3,271,62.7,2002
248,Cast Away,Fox,429.6,233.6,54.4,196,45.6,2e3
249,The Matrix Revolutions,WB,427.3,139.3,32.6,288,67.4,2003
250,The Intouchables (U.S.-only),Wein.,426.6,10.2,2.4,416.4,97.6,2012
251,Rampage (2018),WB (NL),426.3,99.3,23.3,327,76.7,2018
252,Django Unchained,Wein.,425.4,162.8,38.3,262.6,61.7,2012
253,Beauty and the Beast,BV,425,219,51.5,206,48.5,1991
254,Dances with Wolves,Orion,424.2,184.2,43.4,240,56.6,1990
255,The Chronicles of Narnia: Prince Caspian,BV,419.7,141.6,33.7,278,66.3,2008
256,The Mummy,Uni.,415.9,155.4,37.4,260.5,62.6,1999
257,The Chronicles of Narnia: The Voyage of the Dawn Treader,Fox,415.7,104.4,25.1,311.3,74.9,2010
258,Jason Bourne,Uni.,415.5,162.4,39.1,253.1,60.9,2016
259,Sex and the City,WB (NL),415.3,152.6,36.8,262.6,63.2,2008
260,The Wolverine,Fox,414.8,132.6,32,282.3,68,2013
261,Kingsman: The Secret Service,Fox,414.4,128.3,31,286.1,69,2015
262,The King's Speech,Wein.,414.2,138.8,33.5,275.4,66.5,2010
263,Night at the Museum: Battle of the Smithsonian,Fox,413.1,177.2,42.9,235.9,57.1,2009
264,Batman,WB,411.3,251.2,61.1,160.2,38.9,1989
265,The Bodyguard,WB,411,122,29.7,289,70.3,1992
266,Pacific Rim,WB,411,101.8,24.8,309.2,75.2,2013
267,Kingsman: The Golden Circle,Fox,410.9,100.2,24.4,310.7,75.6,2017
268,The Mummy (2017),Uni.,409.2,80.2,19.6,329,80.4,2017
269,Ice Age: Collision Course,Fox,408.6,64.1,15.7,344.5,84.3,2016
270,Signs,BV,408.2,228,55.8,180.3,44.2,2002
271,X2: X-Men United,Fox,407.7,214.9,52.7,192.8,47.3,2003
272,Prometheus,Fox,403.4,126.5,31.4,276.9,68.6,2012
273,The Mummy: Tomb of the Dragon Emperor,Uni.,401.1,102.5,25.6,298.6,74.4,2008
274,Gone with the Wind,MGM,400.2,198.7,49.6,201.5,50.4,1939
275,Tron Legacy,BV,400.1,172.1,43,228,57,2010
276,Mission: Impossible III,Par.,397.9,134,33.7,263.8,66.3,2006
277,Snow White and the Huntsman,Uni.,396.6,155.3,39.2,241.3,60.8,2012
278,Grease,Par.,395,188.8,47.8,206.2,52.2,1978
279,Twilight,Sum.,393.6,192.8,49,200.8,51,2008
280,Mamma Mia! Here We Go Again,Uni.,393.3,120.6,30.7,272.6,69.3,2018
281,Solo: A Star Wars Story,BV,392.9,213.8,54.4,179.1,45.6,2018
282,The Wolf of Wall Street,Par.,392,116.9,29.8,275.1,70.2,2013
283,Superman Returns,WB,391.1,200.1,51.2,191,48.8,2006
284,Robin Hood: Prince of Thieves,WB,390.5,165.5,42.4,225,57.6,1991
285,Raiders of the Lost Ark,Par.,389.9,248.2,63.6,141.8,36.4,1981
286,Independence Day: Resurgence,Fox,389.7,103.1,26.5,286.5,73.5,2016
287,Home (2015),Fox,386,177.4,46,208.6,54,2015
288,Star Trek,Par.,385.7,257.7,66.8,128,33.2,2009
289,Monster Hunt,FR,385.3,0.0328,0,385.3,100,2016
290,Happy Feet,WB,384.3,198,51.5,186.3,48.5,2006
291,Cars 3,BV,383.9,152.9,39.8,231,60.2,2017
292,Live Free or Die Hard,Fox,383.5,134.5,35.1,249,64.9,2007
293,Ice Age,Fox,383.3,176.4,46,206.9,54,2002
294,Monsters Vs. Aliens,P/DW,381.5,198.4,52,183.2,48,2009
295,Back to the Future,Uni.,381.1,210.6,55.3,170.5,44.7,1985
296,Godzilla,Sony,379,136.3,36,242.7,64,1998
297,True Lies,Fox,378.9,146.3,38.6,232.6,61.4,1994
298,Mad Max: Fury Road,WB,378.9,154.1,40.7,224.8,59.3,2015
299,Slumdog Millionaire,FoxS,377.9,141.3,37.4,236.6,62.6,2008
300,Fifty Shades Darker,Uni.,377,114.6,30.4,262.4,69.6,2017
301,Taken 2,Fox,376.1,139.9,37.2,236.3,62.8,2012
302,G.I. Joe: Retaliation,Par.,375.7,122.5,32.6,253.2,67.4,2013
303,Batman Begins,WB,374.2,206.9,55.3,167.4,44.7,2005
304,What Women Want,Par.,374.1,182.8,48.9,191.3,51.1,2e3
305,The Adventures of Tintin,Par.,374,77.6,20.7,296.4,79.3,2011
306,Toy Story,BV,373.6,191.8,51.3,181.8,48.7,1995
307,X-Men Origins: Wolverine,Fox,373.1,179.9,48.2,193.2,51.8,2009
308,Penguins of Madagascar,Fox,373,83.4,22.3,289.7,77.7,2014
309,The Golden Compass,NL,372.2,70.1,18.8,302.1,81.2,2007
310,Terminator Salvation,WB,371.4,125.3,33.7,246,66.3,2009
311,Fifty Shades Freed,Uni.,371.4,100.4,27,270.9,73,2018
312,Captain America: The First Avenger,Par.,370.6,176.7,47.7,193.9,52.3,2011
313,Edge of Tomorrow,WB,370.5,100.2,27,270.3,73,2014
314,There's Something About Mary,Fox,369.9,176.5,47.7,193.4,52.3,1998
315,Gone Girl,Fox,369.3,167.8,45.4,201.6,54.6,2014
316,The Fugitive,WB,368.9,183.9,49.8,185,50.2,1993
317,Jurassic Park III,Uni.,368.8,181.2,49.1,187.6,50.9,2001
318,My Big Fat Greek Wedding,IFC,368.7,241.4,65.5,127.3,34.5,2002
319,Hitch,Sony,368.1,179.5,48.8,188.6,51.2,2005
320,Shark Tale,DW,367.3,160.9,43.8,206.4,56.2,2004
321,Die Hard: With A Vengeance,Fox,366.1,100,27.3,266.1,72.7,1995
322,The Nun,WB (NL),364.6,117.3,32.2,247.3,67.8,2018
323,Notting Hill,Uni.,363.9,116.1,31.9,247.8,68.1,1999
324,A Bug's Life,BV,363.3,162.8,44.8,200.5,55.2,1998
325,Night at the Museum: Secret of the Tomb,Fox,363.2,113.7,31.3,249.5,68.7,2014
326,Fast and Furious,Uni.,363.2,155.1,42.7,208.1,57.3,2009
327,Ocean's Twelve,WB,362.7,125.5,34.6,237.2,65.4,2004
328,Noah,Par.,362.6,101.2,27.9,261.4,72.1,2014
329,Planet of the Apes (2001),Fox,362.2,180,49.7,182.2,50.3,2001
330,The Hangover Part III,WB,362,112.2,31,249.8,69,2013
331,The World Is Not Enough,MGM,361.8,126.9,35.1,234.9,64.9,1999
332,Monster Hunt 2,LGF,361.7,0.706,0.2,361,99.8,2018
333,Alvin and the Chipmunks,Fox,361.3,217.3,60.1,144,39.9,2007
334,The Karate Kid,Sony,359.1,176.6,49.2,182.5,50.8,2010
335,Home Alone 2: Lost in New York,Fox,359,173.6,48.4,185.4,51.6,1992
336,Hotel Transylvania,Sony,358.4,148.3,41.4,210.1,58.6,2012
337,Minority Report,Fox,358.4,132.1,36.9,226.3,63.1,2002
338,Your Name.,FUN,358,5,1.4,353,98.6,2017
339,Top Gun,Par.,356.8,179.8,50.4,177,49.6,1986
340,The Legend of Tarzan,WB,356.7,126.6,35.5,230.1,64.5,2016
341,American Beauty,DW,356.3,130.1,36.5,226.2,63.5,1999
342,Apollo 13,Uni.,355.2,173.8,48.9,181.4,51.1,1995
343,Rain Man,MGM,354.8,172.8,48.7,182,51.3,1988
344,The Great Gatsby (2013),WB,353.6,144.8,41,208.8,59,2013
345,X-Men: First Class,Fox,353.6,146.4,41.4,207.2,58.6,2011
346,Basic Instinct,TriS,352.9,117.7,33.4,235.2,66.6,1992
347,Murder on the Orient Express (2017),Fox,352.8,102.8,29.1,250,70.9,2017
348,The Angry Birds Movie,Sony,352.3,107.5,30.5,244.8,69.5,2016
349,GoldenEye,MGM,352.2,106.4,30.2,245.8,69.8,1995
350,Catch Me If You Can,DW,352.1,164.6,46.8,187.5,53.2,2002
351,Now You See Me,LG/S,351.7,117.7,33.5,234,66.5,2013
352,Hannibal,MGM,351.7,165.1,46.9,186.6,53.1,2001
353,The Mask,NL,351.6,119.9,34.1,231.6,65.9,1994
354,Peter Rabbit,Sony,351.3,115.3,32.8,236,67.2,2018
355,Speed,Fox,350.4,121.2,34.6,229.2,65.4,1994
356,Dinosaur,BV,349.8,137.7,39.4,212.1,60.6,2e3
357,Deep Impact,Par.,349.5,140.5,40.2,209,59.8,1998
358,Dr. Seuss' The Lorax,Uni.,348.8,214,61.4,134.8,38.6,2012
359,The Maze Runner,Fox,348.3,102.4,29.4,245.9,70.6,2014
360,The Smurfs 2,Sony,347.5,71,20.4,276.5,79.6,2013
361,National Treasure,BV,347.5,173,49.8,174.5,50.2,2004
362,Rush Hour 2,NL,347.3,226.2,65.1,121.2,34.9,2001
363,"I, Robot",Fox,347.2,144.8,41.7,202.4,58.3,2004
364,Trolls,Fox,346.9,153.7,44.3,193.2,55.7,2016
365,xXx: The Return of Xander Cage,Par.,346.1,44.9,13,301.2,87,2017
366,Pocahontas,BV,346.1,141.6,40.9,204.5,59.1,1995
367,How the Grinch Stole Christmas,Uni.,345.1,260,75.3,85.1,24.7,2e3
368,Star Trek Beyond,Par.,343.5,158.8,46.2,184.6,53.8,2016
369,Alvin and the Chipmunks: Chipwrecked,Fox,342.7,133.1,38.8,209.6,61.2,2011
370,The Flintstones,Uni.,341.6,130.5,38.2,211.1,61.8,1994
371,Wanted,Uni.,341.4,134.5,39.4,206.9,60.6,2008
372,A Quiet Place,Par.,340.7,188,55.2,152.7,44.8,2018
373,Enchanted,BV,340.5,127.8,37.5,212.7,62.5,2007
374,300: Rise of An Empire,WB,337.6,106.6,31.6,231,68.4,2014
375,Batman Forever,WB,336.5,184,54.7,152.5,45.3,1995
376,Prince of Persia: The Sands of Time,BV,336.4,90.8,27,245.6,73,2010
377,Over the Hedge,P/DW,336,155,46.1,181,53.9,2006
378,Journey 2: The Mysterious Island,WB (NL),335.3,103.9,31,231.4,69,2012
379,The Rock,BV,335.1,134.1,40,201,60,1996
380,The Great Wall,Uni.,334.9,45.5,13.6,289.4,86.4,2017
381,Now You See Me 2,LG/S,334.9,65.1,19.4,269.8,80.6,2016
382,The Curious Case of Benjamin Button,Par.,333.9,127.5,38.2,206.4,61.8,2008
383,Indiana Jones and the Temple of Doom,Par.,333.1,179.9,54,153.2,46,1984
384,Tomorrow Never Dies,MGM,333,125.3,37.6,207.7,62.4,1997
385,The Good Dinosaur,BV,332.2,123.1,37.1,209.1,62.9,2015
386,Back to the Future Part II,Uni.,332,118.5,35.7,213.5,64.3,1989
387,22 Jump Street,Sony,331.3,191.7,57.9,139.6,42.1,2014
388,Fantastic Four (2005),Fox,330.6,154.7,46.8,175.9,53.2,2005
389,Meet the Parents,Uni.,330.4,166.2,50.3,164.2,49.7,2e3
390,Who Framed Roger Rabbit,BV,329.8,156.5,47.4,173.4,52.6,1988
391,Black Swan,FoxS,329.4,107,32.5,222.4,67.5,2010
392,The Perfect Storm,WB,328.7,182.6,55.6,146.1,44.4,2e3
393,Crocodile Dundee,Par.,328.2,174.8,53.3,153.4,46.7,1986
394,Seven,NL,327.3,100.1,30.6,227.2,69.4,1995
395,The Devil Wears Prada,Fox,326.6,124.7,38.2,201.8,61.8,2006
396,Taken 3,Fox,326.5,89.3,27.3,237.2,72.7,2015
397,The Hunchback of Notre Dame,BV,325.3,100.1,30.8,225.2,69.2,1996
398,A Christmas Carol (2009),BV,325.3,137.9,42.4,187.4,57.6,2009
399,The SpongeBob Movie: Sponge Out of Water,Par.,325.2,163,50.1,162.2,49.9,2015
400,Megamind,P/DW,321.9,148.4,46.1,173.5,53.9,2010
401,Lethal Weapon 3,WB,321.7,144.7,45,177,55,1992
402,Robin Hood,Uni.,321.7,105.3,32.7,216.4,67.3,2010
403,Inglourious Basterds,Wein.,321.5,120.5,37.5,200.9,62.5,2009
404,Schindler's List,Uni.,321.3,96.1,29.9,225.2,70.1,1993
405,101 Dalmatians (1996),BV,320.7,136.2,42.5,184.5,57.5,1996
406,The Conjuring 2,WB (NL),320.4,102.5,32,217.9,68,2016
407,Fatal Attraction,Par.,320.1,156.6,48.9,163.5,51.1,1987
408,The Last Airbender,Par.,319.7,131.8,41.2,187.9,58.8,2010
409,The Conjuring,WB (NL),319.5,137.4,43,182.1,57,2013
410,The Proposal,BV,317.4,164,51.7,153.4,48.3,2009
411,Beverly Hills Cop,Par.,316.4,234.8,74.2,81.6,25.8,1984
412,Air Force One,Sony,315.2,173,54.9,142.2,45.1,1997
413,The Expendables 2,LGF,315,85,27,229.9,73,2012
414,Chicken Little,BV,314.4,135.4,43.1,179,56.9,2005
415,As Good as It Gets,Sony,314.2,148.5,47.3,165.7,52.7,1997
416,A Beautiful Mind,Uni.,313.5,170.7,54.5,142.8,45.5,2001
417,Maze Runner: The Scorch Trials,Fox,312.3,81.7,26.2,230.6,73.8,2015
418,Resident Evil: The Final Chapter,SGem,312.2,26.8,8.6,285.4,91.4,2017
419,Austin Powers: The Spy Who Shagged Me,NL,312,206,66,106,34,1999
420,The LEGO Batman Movie,WB,312,175.8,56.3,136.2,43.7,2017
421,Ocean's Thirteen,WB,311.3,117.2,37.6,194.2,62.4,2007
422,Little Fockers,Uni.,310.7,148.4,47.8,162.2,52.2,2010
423,The Polar Express,WB,310.6,186.5,60,124.1,40,2004
424,Bolt,BV,310,114.1,36.8,195.9,63.2,2008
425,Ransom,BV,309.5,136.5,44.1,173,55.9,1996
426,Runaway Bride,Par.,309.5,152.3,49.2,157.2,50.8,1999
427,The Blind Side,WB,309.2,256,82.8,53.2,17.2,2009
428,The Fault in our Stars,Fox,307.2,124.9,40.7,182.3,59.3,2014
429,The Pursuit of Happyness,Sony,307.1,163.6,53.3,143.5,46.7,2006
430,Rise of the Guardians,P/DW,306.9,103.4,33.7,203.5,66.3,2012
431,Close Encounters of the Third Kind,Col.,306.9,135.2,44.1,171.7,55.9,1977
432,Chicago,Mira.,306.8,170.7,55.6,136.1,44.4,2002
433,Annabelle: Creation,WB (NL),306.5,102.1,33.3,204.4,66.7,2017
434,Wonder,LGF,305.9,132.4,43.3,173.5,56.7,2017
435,Wrath of the Titans,WB,305.3,83.7,27.4,221.6,72.6,2012
436,A Good Day to Die Hard,Fox,304.7,67.3,22.1,237.3,77.9,2013
437,Mulan,BV,304.3,120.6,39.6,183.7,60.4,1998
438,Skyscraper,Uni.,304.1,67.8,22.3,236.3,77.7,2018
439,Passengers (2016),Sony,303.1,100,33,203.1,67,2016
440,Battleship,Uni.,303,65.4,21.6,237.6,78.4,2012
441,Dangal,UTV,302.9,12.4,4.1,290.5,95.9,2016
442,Liar Liar,Uni.,302.7,181.4,59.9,121.3,40.1,1997
443,G.I. Joe: The Rise of Cobra,Par.,302.5,150.2,49.7,152.3,50.3,2009
444,A Star is Born (2018),WB,302.2,172.3,57,129.9,43,2018
445,Hook,TriS,300.9,119.7,39.8,181.2,60.2,1991
446,Rocky IV,UA,300.5,127.9,42.6,172.6,57.4,1985
447,Rambo: First Blood Part II,TriS,300.4,150.4,50.1,150,49.9,1985
448,Van Helsing,Uni.,300.3,120.2,40,180.1,60,2004
449,Resident Evil: Afterlife,SGem,300.2,60.1,20,240.1,80,2010
450,Superman,WB,300.2,134.2,44.7,166,55.3,1978
451,Stuart Little,Sony,300.1,140,46.7,160.1,53.3,1999
452,Beverly Hills Cop II,Par.,300,153.7,51.2,146.3,48.8,1987
453,Alice Through the Looking Glass,BV,299.5,77,25.7,222.4,74.3,2016
454,My Best Friend's Wedding,Sony,299.3,127.1,42.5,172.2,57.5,1997
455,Real Steel,BV,299.3,85.5,28.6,213.8,71.4,2011
456,The Divergent Series: Insurgent,LG/S,297.3,130.2,43.8,167.1,56.2,2015
457,Dr. Seuss' Horton Hears a Who!,Fox,297.1,154.5,52,142.6,48,2008
458,Look Who's Talking,TriS,297,140.1,47.2,156.9,52.8,1989
459,Ocean's 8,WB,296.9,139.4,46.9,157.5,53.1,2018
460,Austin Powers in Goldmember,NL,296.7,213.3,71.9,83.3,28.1,2002
461,Miss Peregrine's Home for Peculiar Children,Fox,296.5,87.2,29.4,209.2,70.6,2016
462,X-Men,Fox,296.3,157.3,53.1,139,46.9,2e3
463,Ferdinand,Fox,296.1,84.4,28.5,211.7,71.5,2017
464,Ghostbusters,Col.,295.2,242.2,82,53,18,1984
465,Shutter Island,Par.,294.8,128,43.4,166.8,56.6,2010
466,Doctor Dolittle,Fox,294.5,144.2,49,150.3,51,1998
467,Salt,Sony,293.5,118.3,40.3,175.2,59.7,2010
468,G-Force,BV,292.8,119.4,40.8,173.4,59.2,2009
469,The Departed,WB,291.5,132.4,45.4,159.1,54.6,2006
470,What Lies Beneath,DW,291.4,155.5,53.3,136,46.7,2e3
471,Pacific Rim Uprising,Uni.,290.5,59.6,20.5,230.9,79.5,2018
472,Shakespeare in Love,Mira.,289.3,100.3,34.7,189,65.3,1998
473,Fantastic Four: Rise of the Silver Surfer,Fox,289,131.9,45.6,157.1,54.4,2007
474,Divergent,LG/S,288.9,150.9,52.3,137.9,47.7,2014
475,Coming to America,Par.,288.8,128.2,44.4,160.6,55.6,1988
476,The Bourne Supremacy,Uni.,288.5,176.2,61.1,112.3,38.9,2004
477,Bridesmaids,Uni.,288.4,169.1,58.6,119.3,41.4,2011
478,Sex and the City 2,WB (NL),288.3,95.3,33.1,193,66.9,2010
479,Maze Runner: The Death Cure,Fox,288.3,58,20.1,230.2,79.9,2018
480,Casper,Uni.,287.9,100.3,34.8,187.6,65.2,1995
481,Bee Movie,P/DW,287.6,126.6,44,161,56,2007
482,American Pie 2,Uni.,287.6,145.1,50.5,142.5,49.5,2001
483,Pitch Perfect 2,Uni.,287.5,184.3,64.1,103.2,35.9,2015
484,The Green Mile,WB,286.8,136.8,47.7,150,52.3,1999
485,Oblivion,Uni.,286.2,89.1,31.1,197.1,68.9,2013
486,Elysium,TriS,286.1,93.1,32.5,193.1,67.5,2013
487,Lethal Weapon 4,WB,285.4,130.4,45.7,155,54.3,1998
488,Wedding Crashers,NL,285.2,209.3,73.4,75.9,26.6,2005
489,John Carter,BV,284.1,73.1,25.7,211.1,74.3,2012
490,Turbo,Fox,282.6,83,29.4,199.5,70.6,2013
491,Bridget Jones's Diary,Mira.,281.9,71.5,25.4,210.4,74.6,2001
492,Split,Uni.,278.5,138.3,49.7,140.2,50.3,2017
493,The Tourist,Sony,278.3,67.6,24.3,210.7,75.7,2010
494,Scary Movie,Mira.,278,157,56.5,121,43.5,2e3
495,XXX,SonR,277.4,142.1,51.2,135.3,48.8,2002
496,The Bourne Legacy,Uni.,276.1,113.2,41,162.9,59,2012
497,Spirited Away,BV,276.1,11.3,4.1,264.9,95.9,2002
498,Mr. Peabody & Sherman,Fox,275.7,111.5,40.4,164.2,59.6,2014
499,Scooby-Doo,WB,275.7,153.3,55.6,122.4,44.4,2002
500,Lincoln,BV,275.3,182.2,66.2,93.1,33.8,2012
501,Lara Croft: Tomb Raider,Par.,274.7,131.2,47.7,143.5,52.3,2001
502,The Expendables,LGF,274.5,103.1,37.6,171.4,62.4,2010
503,Cloudy with a Chance of Meatballs 2,Sony,274.3,119.8,43.7,154.5,56.3,2013
504,The Nutty Professor (1996),Uni.,274,128.8,47,145.1,53,1996
505,Tomb Raider,WB,273.8,57.4,21,216.4,79,2018
506,Jerry Maguire,Sony,273.6,154,56.3,119.6,43.7,1996
507,Bad Boys II,Sony,273.3,138.6,50.7,134.7,49.3,2003
508,Lilo & Stitch,BV,273.1,145.8,53.4,127.3,46.6,2002
509,The Silence of the Lambs,Orion,272.7,130.7,47.9,142,52.1,1991
510,Grown Ups,Sony,271.4,162,59.7,109.4,40.3,2010
511,Neighbors,Uni.,270.7,150.2,55.5,120.5,44.5,2014
512,The Firm,Par.,270.2,158.3,58.6,111.9,41.4,1993
513,We're the Millers,WB (NL),270,150.4,55.7,119.6,44.3,2013
514,Gran Torino,WB,270,148.1,54.9,121.9,45.1,2008
515,"10,000 B.C.",WB,269.8,94.8,35.1,175,64.9,2008
516,Epic,Fox,268.4,107.5,40.1,160.9,59.9,2013
517,Exodus: Gods and Kings,Fox,268.2,65,24.2,203.2,75.8,2014
518,Paddington,W/Dim.,268,76.3,28.5,191.8,71.5,2015
519,Bambi,RKO,267.4,102.2,38.2,165.2,61.8,1942
520,The Princess and the Frog,BV,267,104.4,39.1,162.6,60.9,2009
521,Batman Returns,WB,266.8,162.8,61,104,39,1992
522,Something's Gotta Give,Sony,266.7,124.7,46.8,142,53.2,2003
523,Indecent Proposal,Par.,266.6,106.6,40,160,60,1993
524,American Gangster,Uni.,266.5,130.2,48.8,136.3,51.2,2007
525,Waterworld,Uni.,264.2,88.2,33.4,176,66.6,1995
526,The Truman Show,Par.,264.1,125.6,47.6,138.5,52.4,1998
527,Charlie's Angels,Sony,264.1,125.3,47.4,138.8,52.6,2e3
528,The Fifth Element,Sony,263.9,63.8,24.2,200.1,75.8,1997
529,The Incredible Hulk,Uni.,263.4,134.8,51.2,128.6,48.8,2008
530,Jumanji,Sony,262.8,100.5,38.2,162.3,61.8,1995
531,Bridget Jones: The Edge of Reason,Uni.,262.5,40.2,15.3,222.3,84.7,2004
532,Knight & Day,Fox,261.9,76.4,29.2,185.5,70.8,2010
533,Borat: Cultural Learnings of America for Make Benefit Glorious Nation of Kazakhstan,Fox,261.6,128.5,49.1,133.1,50.9,2006
534,Total Recall,Sony,261.3,119.4,45.7,141.9,54.3,1990
535,Michael Jackson's This Is It,Sony,261.2,72.1,27.6,189.1,72.4,2009
536,Robots,Fox,260.7,128.2,49.2,132.5,50.8,2005
537,The Lone Ranger,BV,260.5,89.3,34.3,171.2,65.7,2013
538,Super 8,Par.,260.1,127,48.8,133.1,51.2,2011
539,Mojin: The Lost Legend,WGUSA,259.4,1.2,0.5,258.1,99.5,2015
540,Blade Runner 2049,WB,259.2,92.1,35.5,167.2,64.5,2017
541,Charlie's Angels: Full Throttle,Sony,259.2,100.8,38.9,158.3,61.1,2003
542,Rush Hour 3,NL,258,140.1,54.3,117.9,45.7,2007
543,The Full Monty,FoxS,257.9,46,17.8,212,82.2,1997
544,Annabelle,WB (NL),257,84.3,32.8,172.8,67.2,2014
545,The Village,BV,256.7,114.2,44.5,142.5,55.5,2004
546,Lost in Hong Kong,WGUSA,256.3,1.3,0.5,255,99.5,2015
547,Erin Brockovich,Uni.,256.3,125.6,49,130.7,51,2e3
548,Get Out,Uni.,255.4,176,68.9,79.3,31.1,2017
549,Cliffhanger,TriS,255,84,33,171,67,1993
550,Kung Fu Yoga,WGUSA,254.2,0.363,0.1,253.8,99.9,2017
551,Baahubali 2: The Conclusion,GrtIndia,254.2,20.2,7.9,234,92.1,2017
552,Babe,Uni.,254.1,63.7,25,190.5,75,1995
553,Wild Hogs,BV,253.6,168.3,66.3,85.4,33.7,2007
554,High School Musical 3: Senior Year,BV,252.9,90.6,35.8,162.3,64.2,2008
555,Hercules,BV,252.7,99.1,39.2,153.6,60.8,1997
556,True Grit,Par.,252.3,171.2,67.9,81,32.1,2010
557,Bean,Gram.,251.2,45.3,18,205.9,82,1997
558,American Hustle,Sony,251.2,150.1,59.8,101.1,40.2,2013
559,You've Got Mail,WB,250.8,115.8,46.2,135,53.8,1998
560,Enemy of the State,BV,250.6,111.5,44.5,139.1,55.5,1998
561,Brother Bear,BV,250.4,85.3,34.1,165.1,65.9,2003
562,The Mask of Zorro,Sony,250.3,94.1,37.6,156.2,62.4,1998
563,Eragon,Fox,249.5,75,30.1,174.5,69.9,2006
564,The Ring,DW,249.3,129.1,51.8,120.2,48.2,2002
565,The Blair Witch Project,Art.,248.6,140.5,56.5,108.1,43.5,1999
566,Unbreakable,BV,248.1,95,38.3,153.1,61.7,2e3
567,Dumb and Dumber,NL,247.3,127.2,51.4,120.1,48.6,1994
568,Grown Ups 2,Sony,247,133.7,54.1,113.3,45.9,2013
569,Love Actually,Uni.,246.9,59.7,24.2,187.2,75.8,2003
570,Journey to the West: The Demons Strike Back,Sony,246.6,0.88,0.4,245.7,99.6,2017
571,The Peanuts Movie,Fox,246.2,130.2,52.9,116.1,47.1,2015
572,Rango,Par.,245.7,123.5,50.3,122.2,49.7,2011
573,Four Weddings and a Funeral,Gram.,245.7,52.7,21.4,193,78.6,1994
574,Face/Off,Par.,245.7,112.3,45.7,133.4,54.3,1997
575,Teenage Mutant Ninja Turtles: Out of the Shadows,Par.,245.6,82.1,33.4,163.6,66.6,2016
576,Dark Shadows,WB,245.5,79.7,32.5,165.8,67.5,2012
577,Hulk,Uni.,245.4,132.2,53.9,113.2,46.1,2003
578,Bienvenue chez les Ch'tis,N/A,245.1,NA,0,245.1,100,0
579,The Godfather,Par.,245.1,135,55.1,110.1,44.9,1972
580,Pixels,Sony,244.9,78.7,32.2,166.1,67.8,2015
581,Hercules (2014),Par.,244.8,72.7,29.7,172.1,70.3,2014
582,Back to the Future Part III,Uni.,244.5,87.7,35.9,156.8,64.1,1990
583,Rush Hour,NL,244.4,141.2,57.8,103.2,42.2,1998
584,After Earth,Sony,243.8,60.5,24.8,183.3,75.2,2013
585,A Few Good Men,Col.,243.2,141.3,58.1,101.9,41.9,1992
586,Cloudy with a Chance of Meatballs,Sony,243,124.9,51.4,118.1,48.6,2009
587,8 Mile,Uni.,242.9,116.8,48.1,126.1,51.9,2002
588,Daddy's Home,Par.,242.8,150.4,61.9,92.4,38.1,2015
589,Marley and Me,Fox,242.7,143.2,59,99.6,41,2008
590,RoboCop (2014),Sony,242.7,58.6,24.1,184.1,75.9,2014
591,Eraser,WB,242.3,101.3,41.8,141,58.2,1996
592,Journey to the Center of the Earth,WB (NL),242,101.7,42,140.3,58,2008
593,Assassin's Creed,Fox,240.9,54.6,22.7,186.3,77.3,2016
594,Alien: Covenant,Fox,240.9,74.3,30.8,166.6,69.2,2017
595,Sully,WB,240.8,125.1,51.9,115.7,48.1,2016
596,Die Hard 2: Die Harder,Fox,240,117.5,49,122.5,51,1990
597,Resident Evil: Retribution,SGem,240,42.3,17.6,197.7,82.4,2012
598,Crocodile Dundee II,Par.,239.6,109.3,45.6,130.3,54.4,1988
599,Planes,BV,239.3,90.3,37.7,149,62.3,2013
600,Batman and Robin,WB,238.2,107.3,45.1,130.9,54.9,1997
601,Click,SonR,237.7,137.4,57.8,100.3,42.2,2006
602,Gulliver's Travels,Fox,237.4,42.8,18,194.6,82,2010
603,Gone in 60 Seconds,BV,237.2,101.6,42.9,135.6,57.1,2e3
604,Saturday Night Fever,Par.,237.1,94.2,39.7,142.9,60.3,1977
605,Silver Linings Playbook,Wein.,236.4,132.1,55.9,104.3,44.1,2012
606,2 Fast 2 Furious,Uni.,236.4,127.2,53.8,109.2,46.2,2003
607,Hidden Figures,Fox,236,169.6,71.9,66.3,28.1,2016
608,A.I. Artificial Intelligence,WB,235.9,78.6,33.3,157.3,66.7,2001
609,Dead Poets Society,BV,235.9,95.9,40.6,140,59.4,1989
610,Spy,Fox,235.7,110.8,47,124.8,53,2015
611,American Pie,Uni.,235.5,102.6,43.6,132.9,56.4,1999
612,Howl's Moving Castle,BV,235.2,4.7,2,230.5,98,2005
613,Crazy Rich Asians,WB,235.1,173.3,73.7,61.8,26.3,2018
614,American Reunion,Uni.,235,57,24.3,178,75.7,2012
615,Big Daddy,Sony,234.8,163.5,69.6,71.3,30.4,1999
616,Alvin and the Chipmunks: The Road Chip,Fox,234.8,85.9,36.6,148.9,63.4,2015
617,Halloween (2018),Uni.,233.6,154.1,66,79.5,34,2018
618,The Imitation Game,Wein.,233.6,91.1,39,142.4,61,2014
619,The Day the Earth Stood Still (2008),Fox,233.1,79.4,34,153.7,66,2008
620,The Girl with the Dragon Tattoo (2011),Sony,232.6,102.5,44.1,130.1,55.9,2011
621,Argo,WB,232.3,136,58.5,96.3,41.5,2012
622,The English Patient,Mira.,232,78.7,33.9,153.3,66.1,1996
623,Sister Act,BV,231.6,139.6,60.3,92,39.7,1992
624,American Wedding,Uni.,231.4,104.6,45.2,126.9,54.8,2003
625,Juno,FoxS,231.4,143.5,62,87.9,38,2007
626,Constantine,WB,230.9,76,32.9,154.9,67.1,2005
627,Get Smart,WB,230.7,130.3,56.5,100.4,43.5,2008
628,Space Jam,WB,230.4,90.4,39.2,140,60.8,1996
629,The Heat,Fox,229.9,159.6,69.4,70.3,30.6,2013
630,Mr. Bean's Holiday,Uni.,229.7,33.3,14.5,196.4,85.5,2007
631,Life Is Beautiful,Mira.,229.2,57.6,25.1,171.6,74.9,1998
632,Ghostbusters (2016),Sony,229.1,128.4,56,100.8,44,2016
633,Ghost Rider,Sony,228.7,115.8,50.6,112.9,49.4,2007
634,Goodbye Mr. Loser,CL,228.1,1.3,0.6,226.8,99.4,2015
635,Lethal Weapon 2,WB,227.9,147.3,64.6,80.6,35.4,1989
636,The Green Hornet,Sony,227.8,98.8,43.4,129,56.6,2011
637,Sleepless in Seattle,TriS,227.8,126.7,55.6,101.1,44.4,1993
638,Out of Africa,Uni.,227.5,87.1,38.3,140.4,61.7,1985
639,Baby Driver,TriS,226.9,107.8,47.5,119.1,52.5,2017
640,Immortals,Rela.,226.9,83.5,36.8,143.4,63.2,2011
641,Paddington 2,WB,226.9,40.4,17.8,186.4,82.2,2018
642,Taken,Fox,226.8,145,63.9,81.8,36.1,2009
643,Percy Jackson & The Olympians: The Lightning Thief,Fox,226.5,88.8,39.2,137.7,60.8,2010
644,Hansel and Gretel: Witch Hunters,Par.,226.3,55.7,24.6,170.6,75.4,2013
645,Good Will Hunting,Mira.,225.9,138.4,61.3,87.5,38.7,1997
646,Valerian and the City of a Thousand Planets,STX,225.9,41.2,18.2,184.7,81.8,2017
647,The Social Network,Sony,224.9,97,43.1,128,56.9,2010
648,Chicken Run,DW,224.8,106.8,47.5,118,52.5,2e3
649,Con Air,BV,224,101.1,45.1,122.9,54.9,1997
650,Interview with the Vampire,WB,223.7,105.3,47.1,118.4,52.9,1994
651,Flightplan,BV,223.4,89.7,40.2,133.7,59.8,2005
652,Yes Man,WB,223.2,97.7,43.8,125.6,56.2,2008
653,Non-Stop,Uni.,222.8,92.2,41.4,130.6,58.6,2014
654,"Honey, I Shrunk the Kids",BV,222.7,130.7,58.7,92,41.3,1989
655,Fahrenheit 9/11,Lions,222.4,119.2,53.6,103.3,46.4,2004
656,Jumper,Fox,222.2,80.2,36.1,142.1,63.9,2008
657,Wild Wild West,WB,222.1,113.8,51.2,108.3,48.8,1999
658,Geostorm,WB,221.6,33.7,15.2,187.9,84.8,2017
659,Presumed Innocent,WB,221.3,86.3,39,135,61,1990
660,Scary Movie 3,Dim.,220.7,110,49.8,110.7,50.2,2003
661,Elf,NL,220.4,173.4,78.7,47,21.3,2003
662,Inferno,Sony,220,34.3,15.6,185.7,84.4,2016
663,Green Lantern,WB,219.9,116.6,53,103.3,47,2011
664,The Terminal,DW,219.4,77.9,35.5,141.5,64.5,2004
665,What Happens in Vegas,Fox,219.4,80.3,36.6,139.1,63.4,2008
666,It's Complicated,Uni.,219.1,112.7,51.5,106.4,48.5,2009
667,Knocked Up,Uni.,219.1,148.8,67.9,70.3,32.1,2007
668,Captain Phillips,Sony,218.8,107.1,49,111.7,51,2013
669,The Prince of Egypt,DW,218.6,101.4,46.4,117.2,53.6,1998
670,Jack Reacher,Par.,218.3,80.1,36.7,138.3,63.3,2012
671,The Emoji Movie,Sony,217.8,86.1,39.5,131.7,60.5,2017
672,Collateral,DW,217.8,101,46.4,116.8,53.6,2004
673,Dracula Untold,Uni.,217.1,56.3,25.9,160.8,74.1,2014
674,Central Intelligence,WB (NL),217,127.4,58.7,89.5,41.3,2016
675,Million Dollar Baby,WB,216.8,100.5,46.4,116.3,53.6,2004
676,Ted 2,Uni.,216.7,81.5,37.6,135.2,62.4,2015
677,The Help,BV,216.6,169.7,78.3,46.9,21.7,2011
678,Twins,Uni.,216.6,111.9,51.7,104.7,48.3,1988
679,Valentine's Day,WB (NL),216.5,110.5,51,106,49,2010
680,Bad Teacher,Sony,216.2,100.3,46.4,115.9,53.6,2011
681,Clear and Present Danger,Par.,215.9,122.2,56.6,93.7,43.4,1994
682,101 Dalmatians,Dis.,215.9,144.9,67.1,71,32.9,1961
683,Bram Stoker's Dracula,Col.,215.9,82.5,38.2,133.3,61.8,1992
684,Vertical Limit,Sony,215.7,69.2,32.1,146.4,67.9,2e3
685,Ghostbusters II,Col.,215.4,112.5,52.2,102.9,47.8,1989
686,The Patriot,Sony,215.3,113.3,52.6,102,47.4,2e3
687,The Sorcerer's Apprentice,BV,215.3,63.2,29.3,152.1,70.7,2010
688,Just Go With It,Sony,214.9,103,47.9,111.9,52.1,2011
689,The Expendables 3,LGF,214.7,39.3,18.3,175.3,81.7,2014
690,Public Enemies,Uni.,214.1,97.1,45.4,117,54.6,2009
691,The Bourne Identity,Uni.,214,121.7,56.8,92.4,43.2,2002
692,Disclosure,WB,214,83,38.8,131,61.2,1994
693,Dirty Dancing,Vest,214,64,29.9,150,70.1,1987
694,Pulp Fiction,Mira.,213.9,107.9,50.5,106,49.5,1994
695,The Aviator,Mira.,213.7,102.6,48,111.1,52,2004
696,"Crouching Tiger, Hidden Dragon",SPC,213.5,128.1,60,85.4,40,2e3
697,Braveheart,Par.,213.2,75.6,35.5,137.6,64.5,1995
698,Into the Woods,BV,213.1,128,60.1,85.1,39.9,2014
699,Bedtime Stories,BV,212.9,110.1,51.7,102.8,48.3,2008
700,Miss Congeniality,WB,212.7,106.8,50.2,105.9,49.8,2e3
701,Entrapment,Fox,212.4,87.7,41.3,124.7,58.7,1999
702,Ace Ventura: When Nature Calls,WB,212.4,108.4,51,104,49,1995
703,Master and Commander: The Far Side of the World,Fox,212,93.9,44.3,118.1,55.7,2003
704,End of Days,Uni.,212,66.9,31.6,145.1,68.4,1999
705,Bridget Jones's Baby,Uni.,212,24.3,11.4,187.7,88.6,2016
706,Battle: Los Angeles,Sony,211.8,83.6,39.4,128.3,60.6,2011
707,Fury (2014),Sony,211.8,85.8,40.5,126,59.5,2014
708,Due Date,WB,211.8,100.5,47.5,111.2,52.5,2010
709,Kingdom of Heaven,Fox,211.7,47.4,22.4,164.3,77.6,2005
710,The Little Mermaid,BV,211.3,111.5,52.8,99.8,47.2,1989
711,Australia,Fox,211.3,49.6,23.4,161.8,76.6,2008
712,District 9,TriS,210.8,115.6,54.9,95.2,45.1,2009
713,Moonraker,MGM,210.3,70.3,33.4,140,66.6,1979
714,The Others,Mira.,209.9,96.5,46,113.4,54,2001
715,Horrible Bosses,WB (NL),209.6,117.5,56.1,92.1,43.9,2011
716,Red Dragon,Uni.,209.2,93.1,44.5,116,55.5,2002
717,Tomorrowland,BV,209.2,93.4,44.7,115.7,55.3,2015
718,Lemony Snicket's A Series of Unfortunate Events,Par.,209.1,118.6,56.7,90.4,43.3,2004
719,Me Before You,WB (NL),208.3,56.2,27,152.1,73,2016
720,Safe House,Uni.,208.1,126.4,60.7,81.7,39.3,2012
721,S.W.A.T.,Sony,207.7,116.9,56.3,90.8,43.7,2003
722,Traffic,USA,207.5,124.1,59.8,83.4,40.2,2e3
723,The Fast and the Furious,Uni.,207.3,144.5,69.7,62.8,30.3,2001
724,Paranormal Activity 3,Par.,207,104,50.2,103,49.8,2011
725,Philadelphia,TriS,206.7,77.4,37.5,129.2,62.5,1993
726,Sleepy Hollow,Par.,206.1,101.1,49,105,51,1999
727,London Has Fallen,Focus,205.9,62.7,30.4,143.2,69.6,2016
728,The Jungle Book,Dis.,205.8,141.8,68.9,64,31.1,1967
729,Journey to the West,Magn.,205.6,0.0181,0,205.6,100,2014
730,JFK,WB,205.4,70.4,34.3,135,65.7,1991
731,White House Down,Sony,205.4,73.1,35.6,132.3,64.4,2013
732,The Ugly Truth,Sony,205.3,88.9,43.3,116.4,56.7,2009
733,The Holiday,Sony,205.1,63.2,30.8,141.9,69.2,2006
734,The Break-Up,Uni.,205,118.7,57.9,86.3,42.1,2006
735,Eat Pray Love,Sony,204.6,80.6,39.4,124,60.6,2010
736,A Dog's Purpose,Uni.,204.1,64.5,31.6,139.5,68.4,2017
737,King Arthur,BV,203.6,51.9,25.5,151.7,74.5,2004
738,Everest (2015),Uni.,203.4,43.5,21.4,159.9,78.6,2015
739,Vanilla Sky,Par.,203.4,100.6,49.5,102.8,50.5,2001
740,Arrival,Par.,203.4,100.5,49.4,102.8,50.6,2016
741,Need for Speed,BV,203.3,43.6,21.4,159.7,78.6,2014
742,Hairspray (2007),NL,202.5,118.9,58.7,83.7,41.3,2007
743,Patch Adams,Uni.,202.3,135,66.7,67.3,33.3,1998
744,Fun with Dick and Jane,Sony,202,110.3,54.6,91.7,45.4,2005
745,Teenage Mutant Ninja Turtles,NL,202,135.3,67,66.7,33,1990
746,Kindergarten Cop,Uni.,202,91.5,45.3,110.5,54.7,1990
747,Ponyo,BV,201.8,15.1,7.5,186.7,92.5,2009
748,Straight Outta Compton,Uni.,201.6,161.2,79.9,40.4,20.1,2015
749,21 Jump Street,Sony,201.6,138.4,68.7,63.1,31.3,2012
750,Yogi Bear,WB,201.6,100.2,49.7,101.3,50.3,2010
751,Garfield: The Movie,Fox,200.8,75.4,37.5,125.4,62.5,2004
752,Cats & Dogs,WB,200.7,93.4,46.5,107.3,53.5,2001
753,The Hunt for Red October,Par.,200.5,122,60.9,78.5,39.1,1990
754,Valkyrie,UA,200.3,83.1,41.5,117.2,58.5,2008
